제목,주소,내용,위도,경도,레이어,이미지주소,
"경상도의 전통춤, 국립부산국악원",부산광역시 부산진구 연지동 국악로 2,"국립부산국악원은 영남지역 부산에서 우리 전통공연예술을 보전하고 창조적으로 계승하도록 설립된 국가문화예술기관이다. 전국에 4곳뿐으로 각각 지역의 특색을 살리고 전통예술을 널리 알리기 위해 꾸준히 힘써 우리 전통예술의 근간을 마련하였다.1987년 서울 서초구 서초동에 자리 잡은 국립국악원이 그 중심에 있으며 전북 남원에 국립민속국악원(1992.3.20개원), 전남 진도에 국립남도국악원(2004.7.7 개원), 부산광역시에 국립부산국악원(2008.10.28 개원) 등 세 개의 지방 국악원이 함께 운영되고 있다. 부산국립국악원의 부지는 과거 하야리아 기지 미군 장교 숙소로 사용되었는데 1999년도에 부지가 반환되어 2004년 국악원 건설에 착공할 수 있었고, 2008년 전국에서 4번째로 국립국악원을 개원하게 되었다.


오늘날 국립국악원의 역사로만 보면 국립부산국악원이 가장 짧지만 사실 부산은 국립국악원의 시발점에 해당하는 곳이다. 부산 용두산 공원에 가면 국립국악원 기념나무가 있다. 2001년 심어진 이 나무는 한국전쟁으로 나라가 어렵던 1951년 4월 10일 국립국악원이 이곳에서 개원하여 오늘날 민족음악 중흥의 기틀을 다졌으니 이 터를 기념하여 나무를 심는다 는 심오한 의미를 담고 있다.(『문장원의 삶과 예술』, 2011. 부산국립국악원총서 3, 2011 참조)


우리나라 궁중음악기관에서 그 기원을 찾을 수 있는데 8.15해방 후 궁중음악기관이 해체된 후 한때 구왕궁아악부(舊王宮雅樂部)로 존속하다가 1950년 비로소 국립국악원의 직제가 공표되었다.이후 얼마 지나지 않아 1950년 한국전쟁 발발로 인해 수도 서울이 아닌 1951년 부산에서 개원하게 된 것이 오늘날 국립국악원의 시작이다. 수복 후 이내 국악원은 수도 서울로 옮겨갔지만 부산에서 그 역사가 시작되었다는 것은 대단히 큰 의미를 지닌다. 전쟁 중임에도 불구하고 1950년대 당시 많은 전통예술가들이 부산 용두산에 자리한 국악원에 모여 전통예술을 계승 발전시키는데 여념이 없었던 것으로 보인다. 비록 오늘날 용두산 공원 그 자리에는 기념나무 한 그루가 남아 있을 뿐이지만 이곳에서 조상들이 꿋꿋이 지켜낸 우리 소리, 우리 춤은 전국4개 국립국악원을 중심으로 그 명맥을 이어가게 되었다.


국립부산국악원은 지역의 정서가 오롯이 담긴 전통공연예술을 바탕으로 한 공연, 교육, 연구를 활성화하며, 아시아태평양 민족 공연예술센터로서의 비전을 가지고 국제교류 사업을 전개해나가는 것을 목표로 한다. 국립부산국악원은 개원 이래, 이러한 목표를 가지고 꾸준히 노력한 결과 국악의 예술성을 보존하고 널리 알리는데 기여하고 국악에 대한 고정관념을 깨뜨리기 충분한 신선한 공연들을 수차례 선보일 수 있었다. 국악은 고리타분하고 지루한 것이다? 국악원의 공연을 직접 보고나면 이런 편견에서 깨어나게 된다. 공연을 한번 보고나면 열에 열 명이 꼭 다시 또 찾고 싶다고 말하는 곳이 부산국립국악원이다.


국립부산국악원의 매력은 영남지역의 전통춤을 가장 잘 표현할 수 있다는 데 있을 것이다. 부산 경상도 사람들은 말이 투박하고 짧은 대신 몸의 리듬, 춤의 율(律)은 반도에서 독보적이다. 영남지역 특유의 풍류와 한의 정서는 아름다운 춤이 되었다. 전라도 가서 소리 자랑 말고, 경상도 가서 춤 자랑 마라부산은 말 그대로 춤의 고장이다. 동래야류, 수영야류, 한량춤 등 온갖 춤이 다 있는 곳이 바로 부산이다. 여러 춤 중에서도 경상도 춤의 기본은 일반적으로 향토춤과 한량춤에서 비롯된다. 그런데 향토춤과 한량춤의 뿌리가 부산에 깊이 자리하고 있다.


부산에는 큰 관아가 있어 관기의 전통이 이어내려 왔고, 물산 교류의 중심지로 도시가 발달되어 일제 식민지 시대에 권번이 있었다. 특히 부산 동래에는 기생이 많았고 한량이 많았다. 이러한 시대적 배경은 곧 전통춤의 발전계승으로 이어졌다. 부산지역 중에서도 동래를 중심으로 전통춤을 꽃피웠던 것을 살펴볼 수 있다. 동래에는 다양한 전통춤이 그 가치와 예술성을 인정받아 전승되어 오고 있다. 1967년에 동래야류가 중요무형문화재 제18호로 지정되었고, 1972년 동래학춤이 부산지방 무형문화재 제3호, 1977년 동래지신밟기가 제4호, 1993년 동래고무가 제10호로 지정되었다. 그리고 2005년에 동래한량춤이 제14호로 지정되었다.


이처럼 문화재로 지정된 동래의 전통춤에는 향토춤의 형식이 돋보이며 또한 한량춤 계열이 많은데 이 한량춤이라는 것이 부산경남지역 기방문화인 권번의 영향을 많이 받았다. 한량춤은 원래 향토춤을 추던 토박이 한량이 기방의 기생들과 어울려 춤을 추면서 기방춤의 영향을 받아서 세련된 춤인 것이다. 동래 지역에서는 한량춤이 들놀음의 춤도 되고, 학춤도 되었다.국립부산국악원이 전하는 우리 고장의 풍류는 이제 국내뿐만 아니라 세계를 향하고 있다. 크루즈 선을 타고 부산에 오는 많은 외국인들이 이곳, 국악원을 찾고 원더풀 찬사를 연발한다. 또한 부산은 유라시아로 나아가는 출발점이 되는 만큼, 국립부산국악원은 중국과의 활발한 전통문화교류도 추진하고 있다. 공연단이 중국 서안을 직접 찾아 부산의 전통춤을 선보이고 우리 고유의 소리를 전하면서 공연을 성황리에 마친 바도 있다. 한국의 멋과 흥을 매개로 국악세계화에 한발 더 나아가는데 국립부산국악원이 앞장서고 있다.
",35.171315,129.054267,tour,http://busandabom.net/cmm/fms/getImage.do?atchFileId=FILE_000000000000983&fileSn=0,
"고려시대 축조된 방어진지, 기장읍성지",부산광역시 중앙동4가,"1876년(고종13) 2월, 한․일간에 체결한 강화도조약(일명 조일수호조약)에 따라 그해 10월 부산항이 개항되었다. 원산항과 인천항이 1890년 4월 및 1893년 정월에 각각 개항되었기에 부산항은 거의 4년 동안 유일한 근대적 개항장으로 역할을 하면서 대일교섭과 무역의 거점이 되었다.개항 당시 부산 부두를 중심으로 사방 10리에 불과했던 지역이 1894년 이후에는 사방 100리로 확대되면서 기존에 있던 재래시장의 상품유통망도 부산을 중심으로 하는 새로운 형태로 재편되었다. 그런 가운데 지금의 용두산 공원을 중심으로 한 주변지역이 일본인의 치외법권을 인정하는 전관거류지(專管居留地)로 변화하였다.전관거류지는 일본 사람들이 조선의 경제를 효율적으로 수탈하고 그들 자신의 편리한 일상생활을 위해 새롭게 구축된 도시였다. 이에 따라 1678년(숙종4)부터 1876년까지 운영된 초량왜관은 일본의 관청 및 영사관과 병원․우체국․은행․학교․종교․상점․시장과 관련된 근대건축물, 일상과 관련된 주택이나 요리집 등이 건축되면서 시가지가 새롭게 형성되고 공간적 범위를 넓혀가더니, 1902년(고종29) 묘지로 사용하던 복병산이 이곳에 편입되는 등 공간이 확대되자, 우리나라 사람들도 이곳을 드나들게 되면서 여러 문제가 노출되는 지역이 되었다.

우리나라 사람들에게 일본의 생활문화가 전파되는 공간이 되기도 하였고, 요리집(料理屋)과 기생집(妓樓) 문화를 안겨 주었다. 당시 낭화루․초월정․동경루․제일루․경판정 라는 요리집이 남쪽 해안가를 따라 즐비하게 자리 잡고 있었고, 부산항 감리서(監理署)에서 해관업무 및 일본 영사관과의 교섭을 담당하던 민건호(閔建鎬)도 이곳 동경루에서 일본 음식을 시켜 먹으면서 기생을 불러 놀기도 하였다 한다.

1882년 5월 22일 조미수호통상조약 체결을 계기로 관세자주권을 확보할 수 있게 된 조선정부는 해관창설을 본격적으로 시도하여, 1882년 12월 26일에는 조선 해관을 창설한다. 청국해관에 근무한 바 있었던 독일출신 뭴렌도르프(P. G. von Mllendorf, 穆麟德)가 이홍장의 천거로 초빙되었고, 고종을 알현한 그는 1883년 6월 16일에 인천해관, 6월17일에 원산해관, 7월3일에 부산해관을 각각 개설하게 된다. 1907년 4월 12부터 해관은 세관으로 개칭된다.

오늘날 부산경남본부세관의 효시인 부산해관은 지금의 중구 동광동인 본정(本町) 2가 3번지의 선류장(船留場)에 있던 일본 사람의 가옥을 빌려 부산해관을 열고 수출입 화물의 점검과 관세 업무를 보았다. 그러다가 이웃집에 불이 나서 잠시 이전했다가, 1885년 오늘날 부산데파트 자리에 목조 2층 청사와 단층의 보세창고 1동을 지어 이전했다.최초의 부산해관장에는 영국 출신, 로바트(William Nelson Lovatt, 盧外椎)였다. 이홍장의 압력으로 1885년 해임되어 1901년 4월 20일 중국 닝보(寧波)에서 사망하기까지 3년간 이곳에서 근무한다. 1905년 11월 30일, 해관총세무사 브라운(Brown)이 떠나기까지 총5명의 서양인 해관장과 100여명에 달하는 서양인 해관원들이 고빙되어 근무한 것으로 알려져 있으나, 총세무사 및 각 지역 해관장을 비롯한 서양인 간부급의 명단 외는 전반적인 실상이 제대로 알려지지 않고 있다.

1883년 5월부터 서울 정동에 위치한 조선 총해관은 상해, 천진 등 청국 각지 해관에서 근무했던 서양인을 고빙해 와서 해관업무를 수행했다. 하지만 서양출신 해관원 명단이 수록되어 있는 1904년 알렌(Allen, 安蓮)이 출판한 『Korea: Fact and Fancy - A Chronological Index』(김원모 번역, 『근대한국외교사연표』 1984. 단국대출판부)에서조차 그들의 명단은 정확하게 알려지지 않았다.

1884년 9월14일자에 알렌의 일기 기록에는 당시 부산에 해관장 로바트와 그의 직원 항장 파츄시어서(Pasthusious), 레이놀드(Reynolds) , 저세이(Jersey), 크렙(Crabs), 그의 이태리인 보조원이 있었다 하고, 『Korea: Fact and Fancy - A Chronological Index』에도 일부 서양출신 해관원 명단만 수록되어 있다.

어쨌든 조일통상장정이 체결되어 관세자주권을 가지게 되자, 해관개설을 위해서 로바트가 초대 부산해관장으로 부임하여 오고, 1876년 11월 25일 최초의 일본 화륜선 나니와마루(浪花丸)가 입항하여 대외무역이 시작되었다.부산해관 개설 당시, 부산항의 항만시설이라고는 1678년(숙종4) 초량왜관을 출입하는 대마도 교역선을 위해 용두산 아래에 만든 7,000평의 선유장 이외에는 아무런 부두시설이 없었다. 부산개항 당시 82명 정도에 불과했던 일본인은 강화도조약 체결 후, 그들에게 유리한 방향으로 조규와 규칙을 체결하여 1876년 10월에는 태정관포고(太政官布告) 제128호와 제129호를 발표함으로써 일본인의 부산 도선제한을 해제하고 조선통상무역을 허가했다. 조일수호조규부록(朝日修好條規附錄), 조일무역장정규칙(朝日貿易章程規則) 등 이에 따른 조규(條規)들이 제정되고, 뒤이어 부산일본인전관거류지(釜山日本人專管居留地)(1876,12)가 제정되자, 초량왜관이라 일컬어져 용두산 주위의 왜관터 약 11만평은 일본인이 거주하는 거류지가 되었다. 이 규약은 다시 1908년 6월에 부산 일본전관거류지 영대차(永貸借)에 관한 지소대도규칙(地所貸渡規則)로 체결되어 일본전관거류지 안의 땅은 일본인에 한하여 차용할 수 있고 차용자는 그 권리를 일본인에 한하여 양도 또는 대여할 수 있다는 규정으로 바뀌어 사실상 일본영토와 다름없는 성격을 띠게 되었다.(김선기, 『부산항의 역사』, 「4.개항기」 참조)

1876년 10월 14일, 일본정부의 태정관(太政官) 포고령 제129호 부산항도선제한해제(釜山港渡船制限解制)로 일본인은 1780여 명 이상으로 대폭 증가하여 오늘날 동광동, 광복동 일대를 중심으로 전관거주지를 형성하여 살았고 일본인의 전관거주지 인근인 오늘날 초량동 일대에는 100여 호의 민가가 있었을 뿐이었으니, 1884년 9월 상해에서 영국 기선 난징(Nanzing)호를 타고 부산항에 입항한 미국인 선교사 알렌이 부산은 완전히 왜색도시(김원모 완역, 알렌의 일기, 단국대학교 출판부, 1991)라고 표현한 것도 전관거류지만 보았을 그로서는 있을 수 있는 말이었다.

1889년 3월, 부산항을 둘러 본 일본인은 다음과 같이 묘사한 적이 있다.

부산의 선박교통은 지금 크게 번성하여 시모노세키로부터 매월 3~4회, 나가사키로부터는 5~6회, 때로는 하카다나 대마도로부터 대개 격일 정도 일본의 우편물을 받아 볼 수가 있다. 부산만의 서북해안에 연하여 연대산(烽臺山, 四屛山)의 동남쪽 산록을 동북진하여 구릉 하나를 지나면 작은 평지가 있다. 사방 5정(丁) 정도로 중국인 거류지라 한다. 하나의 이사부(理事府)와 2~3개 상점이 있을 뿐이어서 별로 기록할 것이 없다.  부산진을 떠나 북쪽으로 마비현(馬飛縣)을 지나 면대략 2리쯤에 남천이란 개울을 건너야 한다. 폭은 불과 10칸(間), 조금 견고한 석교(石橋)가 가설되어 있는데 세병교라 한다. 좌우에 제방이 있고 위에는 대나무 숲으로 되어 있다. 그 북쪽으로 약 40리가량 가면 동래부가 있다.

1883년 부산해관이 개설될 당시 부산항 주민이라고는 동광동, 광복동 일대 일본인 거주자를 제외하면 오늘날 초량 일대에 100여 호, 수정동 일대에 140~150여 호, 부산진 일대에 400여 호, 그리고 우암동 일대에 10여 호 정도에 불과했던 것이다.

이러한 여건 하에서 로바트 해관장은 부산해관을 개설하기 위해서 1883년 4월초 묄렌도르프가 상해에서 보낸 한 장의 전보를 받고 6월말 경 부산에 왔던 것이다.한 동안 독신으로 지내던 그에게 1884년, 부인과 딸이 나타나 재회하게 된다. 미국 미네소타주 레이크랜드(Lakeland)에서 출발하여 샌프란시스코를 거쳐 일본에 도착한 뒤, 나가사키에서 출항한 삼릉회사(三菱會社)의 츄루가 마루(S.S.Tsuruga Maru, 敦賀丸) 호를 타고 부산항으로 입항했던 것이다.그는 부산에서 거주한 최초의 서양인이면서 해관장이었고, 그의 가족은 1884년 7월경 미국에서 도착하여 최초로 부산에서 거주한 서양인 가족이었다.(김계승, 부산해관 개청과 초대해관장 W.N.Lovatt, 국제무역연구, 제9권 제2호, 2003 참조)그는 가족이 도착하기 전, 독선생을 초청하여 조선말을 배웠다. 1885년 1월 30일 가족에게 보낸 편지에서 Ki-kan Ping-an-ha-si-o(그간 평안하시오)라는 처음 배운 조선말을 영어식 발음기호로 딸에게 알려주기도 한다.

1885년 4월 21일, 당시 부산항에 입항하는 일본 증기선에 대한 내용과 가족과 함께 절영도(Deer Island)에 소풍을 갔던 이야기도 들어 있다.

그제는 우리 모두 코리아의 절영도에 가서 한나절을 보냈단다. 진달래가 만발하게 피어 있었고, 그 화려한 색으로 산 한 면을 밝게 물들이고 있었다. 엄마는 아주 신이 나서 하얀, 노랑, 파랑 3가지 색깔의 제비꽃을 열심히 꺾었지. 수꿩은 덤불 속에서 울면서 암꿩을 유혹하고 있길래 네 엄마를 위해서 잡아보려 했지만 성공하지 못했단다. 우리는 큰 소나무 아래서 점심을 먹었고 아주 즐거운 시간을 보냈다. 한동안 나들이를 못한 때문인지, 일본에서 겨울을 난 많은 작은 새들이 여름을 보내기 위해 여기로 돌아왔는지 즐겁게 노래하고 있고, 숲들도 무성하게 우거져 있다. 최근에는 무척이나 비가 많이 내린 탓인지 날씨가 따뜻해졌단다. 코리아의 겨울 밀이 좋아 보인다.

이렇게 이색적인 서양인 가족이 부산에 입국해서 거주한지 1년이 지난 1885년 9월경에 부인과 막내딸은 미국으로 떠났다.부산해관에서 3년을 근무했던 로바트 해관장도 1886년 5월 31일 해관장직을 프랑스인 피리(Theophile Piry)에게 인계하고 가족이 기다리고 있는 미국으로 건너갔다. 초창기의 부산해관에 근무하면서도 지금까지 잘 알려지지 않은 사람으로 아르노스(H.G.Arnous)가 있다. 1893년경에 부산해관에 근무한 것으로 추정될 뿐이며 정확한 것은 알려진 것은 없지만 그가 부산에 체류하면서 쓴 『조선의 설화와 전설-개화기 독일인 아르노스 가 기록한 조선의 이야기』(송재용 해제, 제이앤씨, 2007)에는 「토끼와 거북이」,「흥부와 놀부, 제비 왕의 보답」,「마법의 술병 혹은 개와 고양이가 원수가 된 이유」,「절의의 기생 춘향이」,「직녀와 견우(별들의 사랑)」,「효녀 심청」,「홍길동, 자신이 차별 받는다고 생각한 소년의 이야기」등 부산에서 수집한 7편의 설화와 전설을 독일어로 남겼다. 당시 서양인의 눈에 비친 조선의 문화사라 할 수 있다.

스튜어트 컬린(Stewart Culin, 1858-1929)과 조선3대 풍속화가 기산 김준근 이야기도 들 수 있다. 서구 열강들이 식민지 쟁탈전이 전개되던 시기인 1893년 미국 시카고에서 컬럼비아 박람회가 열렸다. 당시 펜실베이니아 대학에 재직하던 스튜어트 컬린도 자신의 수집품들을 전시하면서 당시 중국과 일본을 포함해 한국의 놀이를 소개하는 책을 꾸몄는데, 이것이 바로 1895년 출간된 스튜어트 컬린의『한국의 놀이-유사한 중국, 일본 놀이와 관련해(Korean Games-With Notes on the Corresponding Games of China and Japan)』(윤광봉 해제, 열화당, 2003)이다. 한국 놀이들의 이름이 97개가 들어있을 뿐만 아니라 조선 3대 풍속화로 주목받고 있는 기산(箕山) 김준근(金俊根)의 그림 22점이 컬러로 소개되어 있고, 일본과 중국 놀이들에 대한 151점의 삽화까지 들어 있어 그야말로 놀이의 보고(寶庫)인 셈이다.

컬린은 이 풍속화들을 당시 개항으로 한국에 왔던 미 해군 소장 슈펠트(R. W. Shufeldt)의 딸 슈펠트에게 기증받았다. 그녀는 한미간 조약을 협의했던 시기에 고종의 거듭된 초청으로 4년 동안 한국을 방문하는데, 이때 그녀가 부산 초량의 한 마을에서 김준근을 만나 삽화를 부탁하게 되었던 것이다. 대부분은 김준근으로부터 구입된 풍속화다. 김준근의 작품은 현재 프랑스 파리의 국립기메동양박물관에 작품 170여점이 보관되어 있고 세계 11개국에 그의 작품이 퍼져있다고 알려져 있다.

2013년 11월에는 부산경남본부세관의 개청 130주년을 맞이하여 부산 수정동 부산진세무서 인근에 ｢두모진 해관 표지석｣을 제막하였고, 부산광역시 중구 동광동 1가 2번지에 위치한 신한은행 부산금융센터점의 옆에는 ｢부산해관 표지석｣이 세워져 있다. 또, 부산근대역사관에는 1891년(고종18) 일본 사람들의 전관거류지를 그린 ｢포산항견취도(浦山港見取圖)｣ 사본이 전시되어 있다.",35.103551,129.04235,tour,http://busandabom.net/cmm/fms/getImage.do?atchFileId=FILE_000000000000953&fileSn=0,
금빛 물고기가 범천에서 내려온 이야기를 간직한 범어사,부산광역시 금정구 청룡노포동,"《세종실록지리지》에 동래현에 범어사라는 절이 있는데, 범천에 살던 황금빛 물고기가 오색구름을 타고 금정산의 돌샘으로 내려왔으므로 그 절의 이름이 비롯되었다고 한다. 《동국여지승람》의 동래현 조에도 같은 내용이 기록되어 있다.성리학을 통치이념으로 삼으면서 불교를 배척한 조선시대의 통치자들이 국가에서 편찬한 관찬 지리지에 범어사의 유래와 관련된 설화를 자세하게 기록한 그 자체가 매우 흥미롭지 않을 수 없다.

그 창건 경위와 시기는 기록에 따라 차이를 보이기도 한다. 그러면서도 신라시대 최치원의 법장화상전이나 일연스님이 편찬한 《삼국유사》의 의상전교를 근거로 당나라에서 귀국한 의상대사와 그의 직계 제자들이 창건한 해인사부석사화엄사 등 신라시대 화엄 10찰에 포함된 화엄종 사원으로, 678년(문무왕18)에 창건되었다고 한다. 창건 이후에도 의상의 10대 제자 가운데 진정상원양원스님과 함께 사영(四英)으로도 불리던 표훈스님이 머물면서 화엄사상을 널리 전파하였으며, 지역사회를 수호하고 왜구의 침략을 진압하는 비보사찰로도 역할을 하였다. 이 때문에 1700년(숙종26)에 간행된 『범어사창건사적』이라는 목판에는 신라에 침략한 왜구의 격퇴와 관련된 창건 설화가 기록되어 있기도 하다.

범어사의 이러한 국가사회적인 기능은 이후에도 지속되어 조선시대 문인 이유원이 1871년(고종8)에 완성한 《임하필기》의 범어사의 역을 덜어주다(梵魚寺除役)에서는 범어사를 영남의 고찰로 표현하기도 하였다.범어사는 대일교섭의 최전방인 동래지역에 위치하였으므로, 임진왜란 때 크게 약탈당하고 소실되었다. 관선사가 1602년(선조35) 중건하였으나 다시 화재에 휩쓸려, 묘전스님 등이 1613년(광해군5) 대웅전용화전관음전나한전일주문 등을 또다시 중창하였다. 그 이후에도 비로전을 비롯하여 팔상전종루불이문보제루천왕문 등의 중창불사가 지속되었다.

｢선찰대본산범어사안내｣에는 1613년 이후에 범어사에 머물렀던 주지․승통․총섭섭리 등 수백 명의 고승들이 기록되어 있으며, 근대에는 경허스님도 주석하였다. 범어사와 범어사성보박물관에는 통일신라시대 이래로 현재까지 그 오랜 세월의 역사․문화적 흔적을 알려주는 중요 문화유산과 기록유산이 전하고 있거니와 대표적인 유물로 보물 제434호로 지정된 대웅전, 보물 250호로 지정된 3층 석탑, 보물 제419-3호로 지정된 《삼국유사》 권4～5 등이 현존되어 있다.

범어사의 건물 가운데는 한 지붕 아래 나란히 포함되어 있는 팔상전․독성전․나한전이 흥미롭다. 특히 독성전은 하나의 통나무를 반원형으로 구부려 무지개 문틀을 짜고, 문틀 위로는 탐스러운 모란을 새겨 꽃밭을 만들었다. 무지개 문틀 양쪽에는 한 뼘 가량 크기의 작은 사람이 새겨져 있다. 왼쪽은 치마에 두발을 모은 여자이며, 오른쪽은 민머리에 바지를 입은 남자다. 남자는 무릎을 굽혀 오른발로 문틀을 버티는 모습이 재미있다.

1706년(숙종32) 이래 그 자리에 있던 이 전각은 천태문을 중심으로 좌우 양쪽에 각각 팔상전과 나한전이란 별개의 건물로 분리되어 있다가 1906년 하나의 건물로 단장되었다.",35.283834,129.068904,tour,http://busandabom.net/cmm/fms/getImage.do?atchFileId=FILE_000000000000952&fileSn=0,
"부산 예술의 중심지, 부산시립미술관",부산광역시 해운대구 우동 APEC로 58,"부산시립미술관은 부산 최초의 시립미술관이며, 부산문화회관, 시립박물관, 시민회관 등과 더불어 부산의 대표적인 문화공간이다.이 건물은 1994년에 착공하여 4년여의 공사 끌에 1998년에 개관하였다. 밤에 보는 풍경이 낮과 완전히 다른 것이 이곳의 매력이다. 외벽이 조명의 색을 잘 반영시키기 위한 소재로 이루어져 있을 뿐만 아니라, 건축물 내부의 소재도 예사롭지 않다. 전시될 작품들을 위해 양보한 듯 단순해 보이는 소재와 색으로 이루어져 있지만 자연스러우면서도 세련되었다. 미술관 자체가 하나의 예술품이 되어 그 안에 자리한 작품들과 어우러지니, 미술관 초입부터 돌아서 나올 때까지 감상에 젖게 된다. 이곳에서는 미술관 건축물도 커다란 조형물인 것이다.미술관은 지하 2층, 지상 3층 건물이다. 전시실과 수장고, 어린이미술관, 교육연구실, 사무공간, 야외조각공원 등으로 구성되었다. 11개의 전시실과 도서관, 휴식공간을 갖춘 이곳에 2년마다 부산 비엔날레가 개최되고, 1년 내내 기획전과 소장품전, 해외미술전 등이 열린다. 야외조각이 전시되어 있는 미술관 뜰은 남녀노소의 손꼽히는 나들이 장소이다.


그래도 가장 인기 있는 공간은 단연 어린이미술관이다. 지하 1층에 위치한 이곳은 어린아이들이 상상의 나래를 마음껏 펼칠 수 있도록 신기하고 특별한 전시가 많다. 색, 모양, 시간이 결합된 조형물의 변화는 어른이 봐도 동심의 세계에 이끌린다. 어린이 작품전시회는 미래의 미술문화를 만들어가는 어린이들에게 유년기부터 미술관 체험과 미술문화를 즐길 수 있도록 만들어 놓았다. 다양한 감성교육을 제공하는 교육 프로그램으로 미술인과의 만남의 자리도 마련되어 있다.한편, 이곳에서는 다양한 소장품을 갖추고 있다. 부산 미술의 특색을 보여주는 작품과 일본, 중국 등을 포함한 아시아 미술, 그리고 국제적인 수준의 해외 현대미술작품까지, 소장품이 계속 증가하고 있다.내 집 같은 분위기에서 시민들에게 다가와 있는 부산시립미술관, 부산만의 작품을 접할 수 있는 최대의 공간, 최고의 미술관이다.그래서 부산시립미술관은 부산 예술문화의 중심지라 할 수 있고 부산 미술의 꽃이자 세계와 소통하는 미술축제의 장인 부산비엔날레의 주 무대가 되는 곳도 이곳이다.


부산비엔날레는 2002년 제1회를 시작으로 2년에 한 차례씩 꾸준히 개최되어 왔는데, 오늘날까지 언제나 부산시립미술관을 개최지에서 빼놓은 적이 없다. 부산 청년 비엔날레와 바다 미술제, 부산 조각 심포지움 등 부산에서 자생적으로 결성되어 개최되던 3개의 국제전시회가 통합되어 부산비엔날레로 만들어졌다. 처음 개최될 때부터 동시대 미술의 흐름을 보여주는 수준 높은 전시로 수많은 호평을 받았다. 2014년으로 4번째를 맞이한 부산의 발견전은 2008년부터 2년마다 지속적으로 개최되고 있는 전시회다.

부산지역 화단을 지탱해 온 중견 작가들의 작품세계를 개괄하고 더 나아가 그들의 작품세계를 통해 부산미술의 역사와 발전방향을 조망하는데 목적을 두고 있는 이 전시는 특히 2014년 서양화, 한국화, 조각, 공예 등 다양한 장르에서 활발히 활동하고 있는 중견 작가 4명을 선정한 후 각 장르를 특성을 소개하면서 지역 미술계의 폭을 넓히고 더 나아가 예술의 가치와 발전가능성을 모색하는 기회를 제공하였다.(문예총, 2014 부산의 발견참조)


전시뿐만이 아니다. 비엔날레는 시민들이 참여할 수 있는 다양한 프로그램을 통해 시민들과 함께 즐기고 함께 호흡하는 축제로도 거듭났다. 그래서 아시아 미술의 거점 도시로서 부산이라는 도시의 저력, 현대미술을 이끌어 온 부산미술의 역사를 바탕으로 세계미술과 소통하고 우리 미술의 위상을 보여주는 축제의 장으로 거듭났다.현대미술이 가지는 방만함과 난해함을 극복하고 대중들과 소통하는 예술의 길을 여는 것이 비엔날레의 역할이다. 최첨단의 실험적인 작품들을 통해 이러한 중심에 서 있는 곳이 부산시립미술관인 것이다. 당연히 시민들과 소통하는 미술관을 지향하면서도 국제적인 소통의 장이 되기에 손색이 없을 정도로 준비된 예술 공간으로서의 면모를 빛내왔다.",35.166715,129.136977,tour,http://busandabom.net/cmm/fms/getImage.do?atchFileId=FILE_000000000000972&fileSn=0,
"부산의 거리공연들, 부산의 버스킹",부산광역시 중동 해운대해수욕장,"버스킹(busking)은 길거리에서 공연하다라는 의미의 버스크(busk)에서 유래된 용어로 거리에서 자유롭게 공연하는 것을 뜻한다. 버스킹하는 공연자를 버스커(busker)라 부르며 버스커들은 악기, 작은 마이크, 휴대용 앰프 등을 들고 다니며 거리 곳곳에서 관객과 소통하며 음악을 즐긴다. 국내의 대표적 버스커로는 버스커 버스커(Busker Busker), 십센치(10cm), 좋아서 하는 밴드 등이 있다. 버스킹이 활성화되어 있는 도시로는 프랑스의 파리, 아일랜드의 더블린 등이 있으며 국내에서는 홍대 인근이 활발하다.



2010년 까지만 해도 부산에선 버스킹이 그리 활발하지 않았다. 광안리나 해운대 바닷가에서 연주나 노래를 취미로 하는 사람들이 슬쩍 나와 바닷가에서 장비 없이 노래를 부르는 일이 가끔 있었다. 그러나 홍대의 버스킹 열풍 영향을 받고, 버스커 버스커와 십센치가 미디어를 타면서 2013년부터 부산의 해운대를 중심으로 부산 인디밴드나 가수들의 버스킹 공연이 왕왕 이루어지기 시작했다.



버스킹 공연을 위해 수영구청에서 접수를 받아 버스킹팀에게 광안리 바닷가에 자리를 내 주고 기기를 대여하는 식으로 관리를 해 오고 있고, 해운대구청은 청년일자리창출사업의 일환으로 재미짐이라는 단체를 선정해 해운대 바닷가의 버스킹팀 관리를 맡기고 있다. 해운대에서만 주말에 2030팀이 공연을 하고, 광안리에서도 마찬가지다.



부산 광안리 바닷가의 차 없는 거리 운영과 전기시설 지원 덕분에 수영구의 공연은 늘 활발하다. 부산팀 뿐만 아니라 부산 외에서도 팀이 들어오다 보니 광안리나 해운대 바닷가는 늘 싱어들로 북적거린다. 한때 관리가 잘 되지 못해 소음에 대한 민원이 속출하거나 자리 잡기 경쟁이 벌어지기도 하지만, 각 구청에서 맡아 개선해 나가는 중이다.



부산버스킹연합의 회원 수는 3500여명. 1/3은 버스킹을 좋아하는 팬들이고, 1/3은 실제 버스킹을 하는 아티스트들, 나머지는 버스킹을 하기 원하는 사람들이다. 수요도 많고 지원자도 많아 부산의 버스킹팀들은 전망이 밝다. 부산 해운대 바닷가엔 타바스코, 엔띵, 소년민, 와일드 플라워, 더벤치, 모던 라이트, 광안리엔 딴따라 소울, 지금은 고인이 된 혼자 노는 양등이 잘 알려져 있다.



요즘은 해수욕장이 있는 바닷가 뿐 만 아니라, 서면에까지 버스킹은 확대되는 양상을 보이는데, 젊음의 거리 위주로 힙합을 중심으로 한 버스킹팀이 활동 중이다. 다만 부산진구에서 관리하고 있는 형식이 아니라 민원이 들어오면 철수해야 하는 단점을 안고 있기도 하다. 부산시민공원에서도 버스킹을 상시 유치하기 위해 컨택을 하고 있다. 장비와 시설 지원을 해주고 무대를 제공해주는 것이다. 덕천, 사상, 송도, 송정에서도 소수지만 버스킹은 이루어지고, 시민들은 아티스트들의 소규모 무대를 편하게 만날 수 있다.



매년 9월에 부산버스킹페스티발이 개최된다. 페스티벌은 해운대구청과 부산버스킹페스티벌조직위원회 주최, 거리문화예술협회가 주관하여 진행하고 밴드, 어쿠스틱 등의 음악뿐만 아니라 마술 등의 다양한 분야의 예술팀 90여개가 전국에서 공연신청을 해 페스티벌로서의 가치를 증명했다.



부산버스킹페스티벌은 기존의 연예인 중심의 축제와는 다른 인디버스커들이 메인무대를 장식한다는 것이 특징이다. 제3회를 맞이하며 매년 참가하는 해운대장애인자립생활센터 팀 하늘소, 소나기뿐만 아니라, 밴드 코로나, 안코드탁보늬, 업탬포, UPSCALE 등 서울에서 활동하는 인디밴드 뿐만 아니라 보이스오브코리아, 세계밴드대회 이멀겐자 등의 경연대회 탑10 혹은 본선진출 이상의 성과를 올린 실력자들이 대거 출연한다는 점이 눈 여겨 볼만 하다.",35.15888,129.160369,tour,http://busandabom.net/cmm/fms/getImage.do?atchFileId=FILE_000000000000970&fileSn=0,
"부산의 불교문화, 부산영산재",부산광역시 사상구 백양대로950번나길 80-42 (모라동),"영산재란 석가모니가 영취산에서 행한 설법회인 영산회상(靈山會相)을 재현하는 의식으로, 불교에서 영혼천도를 위해 베푸는 의식 중 규모가 가장 큰 의식이다.

부산영산재는 유래, 구성 및 진행 절차가 독창적이고 소박한 지역적 특성이 있으며, 작법무도 바라춤과 나비춤에 그치고 있다.

그러나 범패는 통ㆍ범소리로서 가락이 다양할 뿐 아니라 면밀하면서도 독창적이며 담백하고 엄숙한 멋이 있으며 작법무 또한 춤의 구성이 독창적이다. 나비춤은 느리고 장엄한 춤사위와 내용이 특징이다.

영산재의 양식은 안차비와 바깥차비로 양분된다. 안차비가 순수 불교적 기본형에 의한 의식절차인데 비하여, 바깥차비는 대중성을 띤 민속적 요소를 가미하여 악기의 연주, 범음범패(梵音梵唄), 작법(作法) 등 시청각적 효과를 구현함으로써 영산회상을 상징하는 의식이다.안차비는 바깥차비의 기본형을 이루고 있으므로 안차비를 모르면 바깥차비의 진행은 불가능하게 된다. 바깥차비는 신도들의 요청에 의하여 행하는 재의식 등에서 많이 행하고, 안차비는 재의식을 행하기도 하지만, 대체로 수행을 목적으로 하는 의식에서 많이 행한다. 이러한 점이 신라 이래 불교의 사상적 배경을 바탕으로 형성되어 불교문화의 참면목을 반영하고 있다고 볼 수 있다.

부산영산재의 진행절차는 일반적으로 시연대령(對靈)관욕(灌浴)신중작법(神衆作法)상단권공(上壇勸供)중단권공(中壇勸供)봉청(奉請)봉송(奉送)시식(施食)존시식(尊施食)회향의례(回向儀禮)의 순서로 진행된다.이 같은 작법을 행하기 위해 먼저 도량(道場)을 장엄히 한다. 당내 지장단에는 십왕번을 걸고, 영단에는 칠여래번을 걸고, 지화로써 위패 좌우를 에워싸 장식하는 것이다.작법진행에는 범패가 시종 따르며, 태징꽹과리북바라목탁요령쇄납에다 대사물(大四物)인 범종법고운판목어를 곁들인다. 악기의 기본 타법은 내림쇠로서 끝에 3타(三打, 불법승)를 하는데, 이를 영남쇠라 일컫는다.

음성공양은 범패가 주이며, 바깥차비인 영산재에는 화청(和請)과 회심곡이 삽입된다. 부산지역 범패에 관한 특별한 문헌자료는 없다. 다만 100여년 전 범어사의 안관회(安寬悔) 스님과 대산(大山) 스님의 맥을 용운 스님이 이었고, 지금은 부산불교어산회에서 계승하고 있는 것이다.이 범패는 기호지방의 경산제(京山制)에 대해, 아랫녘소리인 대구 팔공산제(八公山制) 중 통범소리로 분류된다. 통범소리는 경산제에 비해 은은하면서도 담백하고 엄숙한 풍모가 있으며, 음폭이 크고 기본 종목이 더 다양하며, 홑소리를 많이 부른다.

신업(身業)공양의 작법무에는 나비춤타주(打柱)춤바라춤법고춤 등이 있으나, 경산제에 비해 빈약하여 이 영산재에서는 바라춤과 나비춤만 춘다. 이들은 불전공양을 위한 춤인 까닭에 춤사위가 흔히 자비교화를 상징한다.나비춤은 부처님의 가지(加持:부처님의 힘으로 중생이 부처님의 경지에 이르는 일)를 받아 법열에 도달하기를 기원하는 뜻을 지닌다. 팔정도와 십선(十善)을 상징하는 팔회십전이 부산나비춤의 특징이다.

부산의 영산재는 통도사와 범어사를 중심으로 오래 전부터 전래되어 왔다. 영산재의 구성 요소 가운데 기본이 되는 범패(梵唄)는 이른바 통(通)ㆍ범(梵)소리로, 약 100여 년 전부터 통도사와 범어사 스님들이 중심이 되어 조직한 어산회(魚山會)에서 전승하였고, 어산회에서는 범패와 작법무(作法舞) 및 영산재의 의식절차를 익혀왔다.

1972년 10월 금정산 국청사(國淸寺) 주지 김용운(金龍雲) 스님을 범음범패 보유자로 인정하여 부산시 지정 무형문화재 제1호 「범음범패」로 지정하였으나, 이듬해 1월에 김용운 스님이 입적하여 무형문화재 지정이 해제되고 말았다. 그러나 제자들의 노력으로 범패와 작법무를 익히고, 영산재의 의식 절차를 정비하여 1993년에 「부산영산재」란 이름으로 다시 부산시 지정 무형문화재 제9호로 지정되었다. 1993년도의 지정 때 문영호(文瑛浩)는 도량장엄과 범패, 조병태(趙炳台)는 범패, 김영규(金英奎)는 나비춤, 신석갑(辛錫甲)은 바라춤의 보유자로 인정되었다.

이후, 부산 관음사에 사무소를 두고 있는 부산영산재보존회를 중심으로 부산 영산재의 명맥은 이어져 오고 있다. 30여 명의 스님이 꾸준히 부산영산재를 보존⦁계승하고 있다.부산영산재를 배우려면 부산으로 거주지를 옮겨야 하는 등 어려움이 있고, 배우려는 스님도 수가 적은 까닭에 명맥을 이어가기란 쉬운 일이 아니다. 그러나 쉽게 살린 것이 아닌 만큼 더욱 노력하여 부산영산재의 예술성과 가치를 널리 알리는데 힘쓰고 있다.

그래서 도심한복판에서 부산영산재 재현행사를 가진 바 있다. 길거리 공연 등을 통해 좀 더 가까이 시민들에게 다가가고자 하는 취지에서다. 부산영산재보존회 어느 스님은 불교문화로 인해서 무속이라든지 무형문화재로 전승된 것이 많은데 이러한 바탕을 현대화에 맞춰서 할 수 있는 작업이 필요하다고 역설한다. 오늘날에는 스님들이 직접 거리로 나서 부산영산재를 선보이는 등 부산 영산재의 가치를 널리 알리기 위해 대중에게 한층 다가가고 있는 것이다.(부산시청 홈페이지 및 한국민족문화대백과 참조)
",35.193832,128.996032,tour,http://busandabom.net/cmm/fms/getImage.do?atchFileId=FILE_000000000000969&fileSn=0,
"예술체험 학습장으로, 강서예술촌",부산광역시 강서구 대저2동 5979-5,"강서예술촌(江西藝術村)은 부산광역시 강서구 신노전로 63(대저동)에 위치해 있다. 신도시가 생겨나면서 폐교가 된 곳을 불교미술가 청원스님이 관공서와 협력해 문화예술 공간으로 재창조해낸 곳이다.

강서예술촌에 부과되는 세금은 관공서에서 부담하고 나머지 잔여 운영비는 청원스님(靑苑, 속명 이희옥)이 전담하다시피 한다. 강서예술촌에서 작업에 몰두하고 있는 예술가들은 약 40여명. 이들은 각기 자신의 공방에서 작업을 하고 일반시민들을 대상으로 한 수업도 한다.



청원스님은 부산광역시 무형문화재로 제20호로 지정된 목조각장(木彫刻匠)의 기능보유자이다. 청원스님은 15세에 불교 조각에 입문하여 수많은 목조 불상을 조성하는 등 40여 년을 조각장으로 활동하고 있다.

조각승으로서 법맥과 목조각장 전승 계보도 분명하게 계승하고 있으며, 조선 후기 조각승의 계보도 계승하고 있다. 특히 전통 도구와 전통 제작 방식에 입각하여 작품 활동을 하는데, 전통 도구의 쓰임새와 불교 도상에 대한 철저한 연구와 이해를 바탕으로 전통적인 봉안 방식을 고수하고 있을 뿐만 아니라, 새롭게 창건되는 사찰의 환경에 적합한 불상을 조성하기 위해 꾸준히 노력하는 등 기능이 상당한 수준에 도달하였다.


2001년에 개원한 강서예술촌은 청원스님의 바람대로 짧은 시간에 놀라운 성과를 거뒀다. 폐교가 된 1500여평의 공간이 3년만에 문화적 가치를 생산할 수 있는 생산기반을 갖췄을 뿐만 아니라 대중성까지 갖췄기 때문이다.



2001년부터 2013년까지 총 방문객 11만 여명(외국인1,000여명)이 이곳을 다녀갔으며, 개인전, 회원전, 그룹전, 기획전을 총 115회 개최했다. 음악회나 시낭송회 등은 39회 개최되었다. 청원스님의 불교미술과 관련하여 발명특허, 실용신안, 의장등록, 디자인 등록, 상표 등록 등도 27건을 취득했다.

이곳에서 직접수강한 문화학생들에게도 폭발적인 인기를 끌고 있다. 학생과 일반인을 대상으로 도자기, 서예, 사진, 소조 체험 등을 했고, 참여인원은 22,340여명에 이른다.



강서예술촌의 장점은 맞춤 교육과 직접실습에 있다. 누구나 원하는 시간에 맞춤교육을 받을 수 있을 뿐만 아니라 직접 제작과 실습을 통해 스스로 문화를 체험하고 교육할 수 있기 때문이다.

예술이란 것은 모든 인간이 함께 공유할 수 있는 시대를 초월한 정신적 문화적인 산물이며, 불교미술도 마찬가지라는 점을 강서 예술촌은 지켜나가고 있다.



청원스님은 강서예술촌에 대해, 우리민족과 함께 숨쉬어온 불교미술이 폐쇄성을 벗어나 대중들과 함께 호흡할 수 있는 길이 그 동안 막혀있었습니다.

강서예술촌은 획일화되고 고정화돼 시대에 뒤떨어진 불교미술을 한 단계 업그레이드 시킬 수 있는 열린 공간으로 많은 사람들이 이용하고 있습니다.



저의 수행은 불교작가로서 불교문화의 역량을 확장시키는 것입니다. 혼자만의 공간에서 작업을 하는 것은 나태와 안일로 몰아갈 수 있습니다.

지역예술인들과 함께 같은 공간에서 함께 정진하다보면 분명히 무엇인가를 얻을 수 있습니다.라고 말한다.



강서예술촌은 1,500여 평의 부지에 2개동의 공방, 전시실, 사무실, 식당, 화장실로 이루어져 있으며 실외시설로는 작업장과 휴게소, 조각공원, 주차장이 있다.

강서 예술촌 작가들의 작품을 소개하는 상설전시과 지역 예술인들의 대관전시를 관람 할 수 있으며, 차 한 잔을 마실 수 있는 여유도 즐길 수 있다.

강서예술촌 입구 120여 평의 잔디공원에 조성된 야외조각공원은 조각작품과 조경이 적절히 어우러진 야외갤러리이자 간단한 음악회와 시낭송 등이 열리는 야외무대로도 활용이 가능하다.



최근 강서예술촌은 서부산지역 에코델타시티 조성지 내에 포함되어 철거 위기에 놓였으나 뚜렷한 해결방안이 나오지 않아 존폐의 위기를 맞고 있다. 그러나 16년간 지역 문화예술 발전에 기여해 오고 또 기여해 갈 강서예술촌이 여기서 멈추어 서서는 안 될 것이다.",35.136054,128.921046,tour,http://busandabom.net/cmm/fms/getImage.do?atchFileId=FILE_000000000000960&fileSn=0,
"전통을 지키는 사람들의 공간, 부산민속예술관",부산광역시 동래구 온천동,"민속(民俗)은 크게는 민속공예 같이 물질적 자료가 전승되는 경우를 말하는 유형(有形) 문화, 민속놀이 같이 사람을 통해서 구전으로 전승되는 무형(無形) 문화로 분류된다. 좀더 세부적으로는 의식주생활 풍습, 민간신앙, 민간명절, 생산풍습, 가족생활 풍습, 민속예술 등으로 나뉜다. 민속예술 즉 무형문화는 크게 민속악과 민속춤으로 나눌 수 있다. 민속악은 민중들이 즐긴 음악으로 옛 문헌에는 속악(俗樂)이라고 나와 있으나 지금의 민속악과는 개념이 다르다. 농악민요판소리선소리잡가 등이 이에 속한다. 민속춤은 민중들에 의해 전승이 이루어진 춤으로, 춤본이 뚜렷이 정해져 일정한 법도에 따라 추는 궁중무용에 반대되는 개념으로 민속무용이라고도 부른다.



부산광역시에서는 부산지역에서 전래되어 내려오는 무형문화재를 국가지정 중요무형문화재 6개, 부산광역시지정 무형문화재 23개를 지정하여 4곳의 민속예술관에서 각 보존회를 중심으로 보존전승되고 있다. 부산광역시에서 위탁관리 운영하는 4곳의 민속예술관의 현황을 살펴보면 다음과 같다.



[구덕민속예술관]

구덕민속예술관은 서구 서대신동 3가 산2-3번지 대신공원 기슭에 자리잡고 있다. 민속관은 1991년 6월에 준공 개관하여 부산민속예술관, 수영고적민속예술관에 이어 3번째로 건립한 예술관으로 구덕민속예술보존협회에서 관리하고 있다.

예술관은 790평의 부지에 건평은 240평이다. 지상 1층 80평은 전수장으로 사용하고 있는데, 지하실이기에 농악대 악기 소리가 주위에 시끄럽지 않다는 이점을 가진다. 놀이마당 173평에 1,500명을 수용할 수 있는 계단식 관람석이 마련되어 있고, 산 좋고 물 맑은 환경은 농악 전수장으로 이용할 뿐 아니라 시민들의 배드민턴 같은 가벼운 운동과 오락장으로도 활용되고 있다.

민속예술관에는 부산광역시 무형문화재 제11호 구덕망께터다지기, 부산광역시 무형문화재 제6호 부산농악과 제18호 부산고분도리걸립의 전수장으로 이용하고 있으며, 개관 이후 연2회 이상 시민과 학생을 대상으로 부산농악의 사물과 연희에 관한 무료강습회를 하고 있다.



[다대포민속예술관]

다대포민속예술관은 사하구 다대동로 12(다대동)에 자리 잡고 있다. 본 예술관의 관리운영은 다대포후리소리보존협회에 담당하고 있다. 이 곳에서는 다대포지역에 전승되어 오는 전통민속의 발굴과 계승, 보급을 위해 2014년 9월 1일 개관하였다. 민속예술관에서는 부산광역시 무형문화재 제7호인 다대포후리소리와 비지정문화재인 사하방아소리 등을 계승하기 위한 교육을 전수하고 있다.

민속예술관에서는 매년 1회씩 기예능보유자들의 평가경연대회를 가지고 있다. 이 민속예술관은 2014년에 건립한 예술관 면적 337㎡, 놀이마당 120㎡로 2014년 9월 1일 개관하여 다대포후리소리보존협회에서 위탁 관리하고 있다.



[부산민속예술관]

부산민속예술관은 동래구 온천동 산 13-3번지 금강공원 안에 자리 잡고 있다. 본 예술관의 관리운영은 부산민속예술보존협회에서 담당하고 있다. 이 곳에서는 동래지역이 가진 전통민속예술의 발굴과 계승, 보급을 위해 1976년 5월에 개관하였다. 민속예술관에서는 국가지정 중요무형문화재 제18호인 동래야류와 부산광역시 무형문화재 지정 제3호인 동래학춤과 부산광역시 무형문화재 지정 제4호인 동래지신밟기, 부산광역시 무형문화재 지정 제10호인 동래고무, 부산광역시 무형문화재 지정 제8호인 가야금산조 등 9게 종목으로 부산민속예술보존회가 계승을 위한 전수생 교육을 전수하고 있다.

민속예술관에서는 매년 1회씩 기예능보유자들의 평가경연대회를 가지고 있으며, 방학기간 동안에는 우리 것을 배우려는 학생들을 위하여 전통민속학교를 열고 있다. 금정산의 울창한 소나무 숲은 우리가락을 배우는 데는 더할 나위 없는 장소이기도 하다. 이 민속예술관은 2014년 12월 24일 착공하여 3층 건물로 연면적 1,726㎡, 놀이마당 624㎡로 증개축하여 2016년 6월 14일 개관하여 오늘에 이르고 있다.



[수영고적민속예술관]

1973년 4월 1일 수영공원 내에 수영민속전수관을 착공되어 1974년 10월 25일 완공 개관하였다. 1985년12월 4일 기존의 전수관을 철거하고 전수관 및 놀이마당 확장공사를 하여 1986년 4월 1일 완공 개관하여 오늘에 이르고 있다. 예술관은 수영구 수영동 2291번지에 위치해 있으며, 수영고적민속예술보존협회에서는 민속예술진흥에 기여하고 민속예술인에게 공연 및 전수 등을 할 수 있는 편의를 도모하기 위하여 1986년 4월에 개관되었으며 현재는 사단법인 수영고적민속보존협회에 위탁 관리되고 있다.

민속예술관에는 국가지정 주요무형문화재 제43호인 수영야류와 제62호 좌수영어방놀이, 부산광역시 무형문화재 제2호인 수영농청놀이, 부산광역시 무형문화재 제22호 수영지신밟기를 수영고적민속보존협회가 계승하고 있기 때문에, 전수생 교육을 이 민속고적 예술관에서 전수하고 있다. 이 민속고적예술관은 건물이 390평, 놀이마당이 136평, 관람석이 118평(800석)으로 운영되고 있다. 2001년도에는 수영고적민속예술관을 재정비하여 민속전시관을 개관하여 시민들에게 수영지역의 민속변천을 살펴볼 수 있도록 하였다.



부산광역시에서 매년 5월에 민성예술관을 중심으로 전승보존되고 있는 무형문화재를 한곳에 모아 기량을 겨루는 민속예술축제를 개최하고 있다. 1958년 8월 대한민국 수립 10주년 기념행사의 하나로 전국민속예술경연대회가 개최된 이후, 지방 중소도시에서 자체적으로 해당 지역의 민속예술 경연대회가 열리게 되었다. 부산에서는 1972년 부산의 민속예술을 보존하고 전승하기 위해 제1회 부산민속예술경연대회를 개최하였다. 1999년부터 전국민속예술경연대회에서 전국민속예술축제로 명칭이 변경되면서 부산민속예술경연대회도 부산민예술축제로 명칭을 변경하였다.



또한 매년 5월에는 자라나는 부산의 청소년들에게 우리의 전통문화를 널리 알리고 계승하기 위해 부산 청소년들이 참여하는 부산청소년민속예술경연대회를 개최하고 있다. 1972년 일반인이 참가하는 부산민속예술경연대회가 개최된 후, 1983년 청소년이 참가하는 제1회 부산청소년민속예술경연 대회가 개최되었다. 1999년 전국민속예술경연대회가 전국민속예술축제로 명칭이 변경되면서 전국청소년민속예술경연 대회는 전국청소년민속예술제로, 부산청소년민속예술경연대회는 부산청소년민속예술제로 명칭이 변경되었다.
",35.223075,129.073449,tour,http://busandabom.net/cmm/fms/getImage.do?atchFileId=FILE_000000000000957&fileSn=0,
"프라즈마에서 장미여관까지, 부산의 인디음악",,"



인디(indie)는 독립적이란 의미를 가진 independent의 줄임말에서 유래하였다. 미국에서는 비교적 소규모의 독자적 자본 형식으로 운영되는 레이블로 인디의 개념이 정리되고, 영국에서는 로컬, 즉 지방의 레이블로 정리되며, 일본으로 넘어오면서 정신, 문화의 개념으로 자리잡게 된다.



대한민국 1980~90년대는 소위 록의 부흥기로, 부활이나 시나위, 백두산 같은 대형 밴드가 주류였다. 이때 부산출신 밴드의 등장은 큰 반향을 일으켰다. 록 음악의 메카는 서울보다 부산과 인천이란 인식이 컸고, 부산과 인천 출신 뮤지션들이 실력으로 인정받던 시기였다.



1987년 결성된 프라즈마는 대도레코드에서 당시 파격적으로 제작한 국내 록 밴드 모음집 Friday Afternoon 2집(1989)에 곡이 수록되면서 그 실력을 전국적으로 알렸다. 보컬 이승철(후에 이시영으로 개명), 신해철의 넥스트와 노바소닉에서 드러머로 활동한 이수용, 넥스트의 초기 기타리스트이자 컴퓨터음악 관련 회사 이고시스템 대표인 임창수 등이 멤버였다.



1980년대부터 부산은 배재범, 임덕규 등으로 대표되는 기타리스트들과 이들이 속하였던 밴드인 디오니소스, 스트레인저, 아마게돈, 프라즈마 등으로 인하여 한국 헤비메탈 씬의 메카로 인정받기도 하며, 언더그라운드 씬이라는 측면에서도 가장 전성기를 누렸던 지역이었다.



1989년에는 국내 최초의 바로크메탈을 표방한 디오니소스가 1집을 발표했다. 녹음상태가 다소 아쉽긴 하지만 배재범의 잉베이 맘스틴에 버금가는 스윕 피킹, 속주, 작곡 실력, 이시영의 파워풀한 보이스는 당시 국내 록 마니아들의 호응을 얻을 만했다. 1집에서 세션으로 참여한 이시영, 유원석, 박오식이 정식멤버로 들어오면서 1990년엔 보다 안정적인 사운드와 완성도로 2집을 발매한다.



그해 가을, 배재범과는 또 다른 감성을 지닌 테크니션 기타리스트 임덕규가 정통 헤비메탈과 네오-클래시컬 메탈적 요소를 지닌 스트레인져를 결성해 1집을 발매했다. 이 앨범은 음악성뿐만 아니라 상업적인 성공도 거두면서 부산 밴드의 저력을 인정받는 계기가 됐다. 임덕규는 이후 스트레인져 2집을 발매하고 현재 나는 가수다 출연으로 제2의 전성기를 누리고 있는 임재범과 함께 재규어란 그룹을 결성해 왕성히 활동했다.



디오니소스와 스트레인져의 활동을 기반으로 기타리스트 김정태, 현재 국내에서 가장 영향력 있는 드러머 중 하나인 박철우 등이 속한 아마게돈(1990), 이시영, 박철우와 활화산출신의 서안상, 안회태가 참여한 미스테리(1993) 등이 그 계보를 이어갔다. 이들의 지속적인 활동은 부산을 거점으로 하는 밴드라는 이미지를 탈피해 활동 영역을 넓혀갔고, 서울의 유명 밴드 못지않은 인지도를 쌓는 계기가 됐다.



그후 부산을 중심으로 수많은 인디씬이 생겨났다. 부산 밴드 쥬드(JUDE), 언체인드(Unchained), 21스캇(21Scott)등은 부산에서 결성, 활동하다 서울로 거처를 옮긴 피아, 에브리싱글데이 등과는 달리, 부산을 메인 캠프로 해서 서울과 전국 무대를 오가고 있는 뚝심 있는 부산 사나이들이다.



펑크 모던록 밴드인 쥬드는 1998년 결성 후 2년 만에 메이저 회사와 계약해 전국적으로 정규 1집을 발매하며 활동을 시작할 정도의 실력파 밴드다. 앨범 발매 후 전국적으로 활동하며 대형 록 페스티벌에도 자주 모습을 보였고, 각종 라디오와 방송 매체에도 얼굴을 내밀었다. 2005년에는 일본 후쿠오카 현에서 열린 밴드 선발 오디션에도 통과해 일본에서 활발히 활동했고, 한국과 일본에서 동시에 2집을 발매했다. 그해 여름 일본 남서지방 최대 대중음악페스티벌인 선셋라이브에 한국 대표로 참가해 DVD까지 발매했고, 일본 라디오방송에도 출연했다.



언체인드는 그런지록(Grunge-Rock)이라는 국내에서 다소 대중성이 떨어지는 음악을 하지만, 부산국제락페스티벌과 네이버온스테이지를 통해 인지도를 알렸다. 외국 밴드에 뒤처지지 않는 강렬한 사운드와 음악성으로 국내 록 마니아의 눈과 귀를 사로잡았다. 2010년 1월에는 경성대 콘서트홀에서 데뷔 10주년 기념 콘서트를 갖기도 했다.



부산에 살면서 서울과 광주, 대구에서 더 활발히 활동하고, 그것도 모자라 일본과 태국에서까지 무대를 여는 21스캇 또한 부산을 대표하는 밴드 중 하나다. 에너지 가득한 무대 매너와 듣기만 해도 기분 좋아지는 멜로디 펑크록(Melodic Punk-Rock)을 하는 이들은 소녀 팬을 가장 많이 거느린 밴드이기도 하다.



쥬드 2집 앨범 수록곡 세상의 중심에서 사랑을 외치다는 한 대형 음악사이트에서 3개월 이상 차트 상위권에 머물렀고, 21스캇은 EBS 공감, 펜타포트락페스티벌, 태국 FAT페스티벌 등 국내외 페스티벌에서 두각을 나타냈다. 이들은 서울로 근거지를 옮기지 않고 부산에서 활동하면서도 전국과 세계 무대에서 활동할 수 있다는 가능성과 길을 보여줬다.



클럽의 라이브 공연도 확대되고 있다. 서면의 로크하우스는 매주 금요일부터 일요일까지 4~5개의 부산 밴드를 위해 다양한 라이브 무대를 만들고 있으며, 경성대 앞 리얼라이즈에서도 매주 주말 신 나는 록 밴드의 공연이 열기를 더해가고 있다. 부산대 쪽도 부산대 정문 야외무대를 중심으로 매주 다양한 공연과 행사가 열리는 중이다.



인디 씬뿐만 아니라 TV에서도 부산 출신 록 밴드의 활약이 눈에 띈다. 에브리싱글데이는 드라마 최초 부산 올 로케이션으로 7월에 방송되는 MBC 골든타임의 음악감독을 맡아 화제가 되고 있다. 매주 토요일 방송되는 KBS 탑밴드2에는 강력한 우승 후보 피아를 비롯해 장미여관, 나비맛 등이 출연해 부산 출신 밴드의 저력을 보여주고 있다.
",35.137632,129.102174,tour,http://busandabom.net/cmm/fms/getImage.do?atchFileId=FILE_000000000000874&fileSn=0,
"부산의 살아있는 가야문화, 복천동고분군과 연산동고분군",부산 동래구 복천동 일원,"1969년 9월 중순, 택지개발을 위해 동래구 복천동 구릉에 있는 무허가 판자촌의 터파기가 시작되었다. 토기 편들이 자주 보이다가 급기야 경사면에서 무덤방의 구멍이 뚫렸다. 판자촌 땅 밑은 거대한 고분군이었다. 나흘 뒤 문화재청의 전신인 문화재관리국에서 관련 공무원이 파견되고 긴급 발굴이 결정되었다. 그러나 문화재관리국은 투입할 인력과 경비의 여력이 없었다. 당시 동아대학교 총장이던 정재환이 발굴 비용을 부담하였다. 1,500년 이상이나 땅 밑에 잠들어 있던 가야의 역사․문화적 흔적들이 세상으로 들어나는 순간이다.복천동의 고분군은 1981년 사적 제273호로 지정되었고, 2008년까지 발굴조사를 지속하면서 수많은 유적․유물이 확인되었다. 200여기나 되는 다양한 형태의대․소형 무덤이 확인되었으며, 신발모양 등의 토기, 철제 갑옷․투구와 무기, 덩이쇠, 금동관 및 유리옥 등의 장신구, 칠두령 등의 주술의례기구, 뼈연장, 인골, 말 이빨 등 12,000여점 이상의 다양한 유물도 출토되었다. 특히 당시 철 문화의 수준과 역량을 가늠하는 상당량의 철제 갑옷과 투구가 발굴되어 복천동을 갑주(甲胄)박물관, 갑주백화점이라고도 불린다.이로써 잊혀졌던 2～5세기경 복천동의 삼한가야 역사문화적 위상과 해상대외교섭 등의 흔적들이 세상 밖으로 나오게 되었다.

1996년 10월에는 복천동 고분군에서 출토된 유물을 전시하는 복천박물관이 동래구 복천동 마안산 아래에 개관되었다. 이곳에서는 6,000여점의 유물이 소장되어 있고 현재 전시되고 있는 유물만 1,700여 점에 이른다. 야외에는 고분공원이 조성되어 있어 고즈넉한 옛 풍경에 젖을 수도 있다.또한 당시 복천동 고분에서 발굴된 보물 제598호 말머리 모양 뿔잔(馬頭式角杯) 등 일부 유물은 당시 발굴을 맡은 동아대학교 박물관에도 전시되어 있다.복천동 고분군과 함께 가야시대 지배층들의 무덤으로는 1972년 6월 부산시 기념물 제2호로 지정된 연산동 고분군도 빼놓을 수 없다. 부산광역시 연제구 배산 정상부의 능선을 따라 일렬로 배치된 대형 무덤이며, 그 주변에는 삼국시대부터 조선시대의 중소형 무덤들도 수백기가 남아 있다.

1940년 이전 일제강점기 때 철제 갑옷과 투구 등이 출토된 이후 도굴된 채 방치되고 있다가 1987년부터 2013년까지 지금의 신라대학교 전신인 부산여자대학교와 경성대학교부산박물관 등이 지속적으로 발굴하였다.고분군의 정비복원을 위한 2009~2013년의 3차례 발굴조사에서는 지배층의 대형 무덤이 최소 18기나 조성되었던 것으로 확인되었으며, 고리자루큰칼(環頭大刀), 금동관․금동모의 파편, 갑옷․투구, 유리구슬, 토기, 순장 인골 등 2,000여점의 유물도 새로 발굴하였다. 이 유물 가운데는 일본 등과의 해상대외교섭을 알려 주는 흔적도 발견되었다. 최근에는 봉분 복원과 탐방로 조성공사가 마무리 되었다.

강서구 송정동에도 가야시대의 유적들이 현존하고 있다. 김수로왕이 아유타국의 공주 허황옥과 그 일행을 맞이하였다는 망산도(望山島)와 유주암(維舟巖)은 《삼국유사》와 《동국여지승람》에도 기록되어 있다.이 유적지는 1988년 경상남도 기념물 제89호로 지정되었다가 2007년 이 지역이 부산광역시로 편입되면서 2008년 4월 부산광역시지정기념물 제57호로 지정되었는데, 부산관광공사에서는 이곳을 포함하여 수로왕과 허황옥의 로맨스 이야기가 전하는 명월산의 흥국사(興國寺) 등을 관광상품으로 스토리텔링하여 허황후신행길로 개발하고 있다. 흥국사는 강서구 지사동에 있다.
",35.20722,129.091205,tour,http://busandabom.net/cmm/fms/getImage.do?atchFileId=FILE_000000000000943&fileSn=0,
"혼수전문 원단과 부자재의 백화점, 부산진시장",부산광역시 동구 범일2동 진시장로 24,"부산진시장(釜山鎭市場)은 부산광역시 동구 범일동에 있는 전통시장이다. 조선시대 부산진성 서문 밖에서 매달 4일과 9일 열렸던 부산장(釜山場)에서 유래되었다. 부산진시장에 대해 『동국문헌비고(東國文獻備考, 1770)』에는 부산진성 서문밖에 4일, 9일장의 정기시장인 부산장이 있었다라고 기록되어 있다. 당시 조선의 문물을 일본으로 전파하는 조선통신사가 영가대(永嘉臺, 지금의 성남초등학교 경부선 선로 부근)에서 안녕을 기원하는 용왕제를 지내고 일본으로 출발하였다. 이때부터 많은 사람이 이곳에 모여들었고, 자연스럽게 시장이 형성되었다. 바로 부산진 시장의 시작이다.



1913년 9월 부산부가 부산장 서쪽 구 유락관 앞에 132㎡(40평), 198㎡(60평) 규모의 2동의 함석 점포를 지어, 매일 열리는 상설시장을 개장하였다. 1930년 10월에는 부지 2,000평을 취득하여, 200평 규모의 시장을 건립하고 「부산진시장번영회」를 발족하였다. 1958년 2월에 목조 2층의 건물을 건립하여 운영하였다. 1967년 7월 8일 부산시의 부산진시장 민영화 방침에 따라 1968년 7월 22일 동구 초량동 1161번지의 시유지에 약 1,300평 규모의 가건물을 지어 이전하였다. 그후 1969년 3월 29일 현 위치에 시장 건립공사를 착공하여, 1970년 8월 28일 8,000여평 규모의 현대식 콘크리트 지하 2층, 지상 3층의 건물을 완공하여, 10월 8일 준공 입주하였다.



옛날 부산진시장 일대는 부산의 교통 중심지였다. 지금은 외곽으로 빠져나간 고속버스터미널, 시외버스터미널이 모두 이곳에 있었다. 부산 사람들이 흔히 말하는 조방은 조선방직주식회사의 줄임말이다. 근대적 면방직 공장으로 최대 규모를 자랑했던 조선방직도 이곳에 위치했다. 이와 같은 지리적 이점으로 인해, 그때만 해도 부산진 시장은 말 그대로 몰려드는 사람들로 인산인해를 이루었다는 표현이 제격이다. 항상 사람이 물 밀 듯이 밀려가고 밀려왔다. 시장 안도 발 디딜 틈이 없을 정도로 사람들로 가득 찼다.



손님들은 부산은 물론 멀리 진주, 마산, 남해, 삼천포 등 경상남도 일대에서 몰려들었다. 이렇게 몰려드는 손님들로 부산진시장은 이른 아침부터 오후 늦게까지 매일 매일 바쁘고 분주했다. 각지에서 몰려든 손님들은 자신의 구미에 맞는 물건을 사기 위해 이 가게 저 가게를 분주하게 둘러보았다. 부산진시장이 가장 번성했던 시절은 1986년 아시안게임과 1988년 서울 올림픽 때일 것이다. 그 무렵 부산진시장은 한복과 원단이 호황이어서, 부산진시장뿐만 아니라 부산진시장 근처 한복 짓는 가게도 덩달아 호황이었다. 혼인을 하면 시어머니가 신부한테 해 주는 옷이 보통 기본으로 세 벌인 시대였다. 기본은 치마, 저고리, 색동저고리 아니면 치마, 저고리, 두루마기였다. 많이 해 주는 사람은 신부 한 사람만 해도 저고리가 일곱 장, 치마가 다섯 벌인 경우도 있었다. 요즈음 부산진시장을 찾는 고객 대부분은 결혼을 앞둔 사람들이다. 결혼식이 아니면 한복을 입을 일이 별로 없기 때문이다.



부산진시장 터줏대감 안동주단 김정덕(金貞德, 2012년 78세) 할머니는 스스로를 부산진시장의 산증인이라고 말씀한다. 20대 초반, 처음 장사를 시작했던 어린 새댁은 어느덧 여든을 바라보는 할머니로 부산진시장의 터줏대감이 되었다. 올해로 장사 경력 58년이나 됐으니 부산진시장의 터줏대감이라고 해도 과히 틀린 말은 아니다. 지난 세월을 돌이켜보면 정말 많은 것이 변하였다. 부산진시장과 인연을 맺은 세월이 머지않아 60년이다. 10년이면 강산도 변한다고 하는데 60년이면 강산이 여섯 번이나 변한 세월이다. 세월이 그만큼 흘렀고, 세상도 참 많이 변했다. 그럼에도 할머니의 삶은 크게 달라진 것이 없다. 할머니는 58년 전이나 지금이나 변함없이 이곳에서 주단 가게를 지키고 있다. 부산진시장은 일한 만큼 대가를 얻을 수 있는 고마운 장소이자 삶의 터전이었다.



지금 우리 한복을 찾는 이는 드물다. 한복을 찾는다 해도 기껏해야 한 벌 정도 장만해서 사계절 내내 입는 경우가 대부분이다. 그렇지만 아직도 우리 전통 한복을 좋아하는 사람은 사계절용을 따로 맞춘다고 한다. 우리 것은 우리가 지켜 나가야 되는데, 젊은 세대들이 우리 한복의 아름다움을 나타낼 수 있어야 하는데 말이야. 너무 안타까워.라고 한다. 50년을 매일같이 출근해 온 가게가 있고 옆에 가족이 있어 누구보다 행복하다는 할머니는 오늘 하루도 일할 수 있어서 감사하다.고 하였다.



부산진시장은 1978년 3월에 옥상 주차장(동시 주차 200대)을 개발하고, 북편 승강기 1기를 설치하였다. 1988년 5월에 동편 승강기 1기를 설치하였다. 1993년 4월에 부산진 시장 주차 빌딩[동시 주차 700대]을 완공하였다. 1997년 8월 1일에 냉난방 및 환기 설비 시설을 완공하였다. 2002년에 외벽과 내부 리모델링, 2003년에 에스컬레이터 교체 및 설치 공사, 2004년에 냉난방 및 환기 시설 보수 공사, 엘리베이터 2기 설치 등을 통해 시설 현대화를 진행하였다. 2005년에 전국 재래시장 박람회에서 최우수 시장상인 대통령 표창을 수상하였다.



부산진시장은 지하 2층지상 4층 건물로 이루어져 있다. 대지 면적은 7,499㎡이며, 1,500개의 점포가 입점해 있다. 주 취급 품목은 한복, 포목, 각종 원단, 양복, 의류, 신발, 직물류 등의 혼수 용품이다. 고객 편의 시설로는 주차장과 화장실[10동 60칸]이 있다. 20직영 점포 1,500개가 운영 중이며, 종사자 수는 2,000명이다. 상인 조직으로 부산진시장번영회가 있다. 부산진 시장은 1970년대에는 부산 지역의 의류 도매 시장으로서의 역할을 활발히 수행하였다. 최근 부산 지역의 견직업 침체와 유통 업체 확산 등으로 상권이 침체되었다. 상권 활성화를 위해 부산진시장번영회를 중심으로 다양한 노력이 이루어지고 있다. 상품의 고급화, 다양화 및 저렴한 가격으로 시장 기반을 마련하고, 전통 시장 최초로 고객 참여 패션쇼 개최, 고객을 직접 찾아가는 마케팅 활동 등으로 고객으로부터 큰 호응을 얻는 등 자체적인 노력을 지속적으로 수행하고 있다.



부산진시장이 혼수전문 원단과 부자재의 전문시장인 만큼 시장 주변에는 자연스럽게 한복점이 한 집 두집 생겨나면서 1970년만 해도 30여 곳의 한복집이 모여 있는 한복거리가 조성되었다. 1980년대 이후 양복과 양장이 일반화되면서 결혼이나 명절 등 특별한 일이 아니고는 한복을 입는 일이 것의 없게 되자 한복도 시대의 변화는 막을 수가 없었다.



지금은 부산진시장 부근 일대에는 숙이한복, 공주한복, 재야한복, 남해한복, 십장생한복, 동국주단 등의 크고 작은 한복집 10여 곳이 성업을 하고 있다. 이곳은 우리 전통 한복의 멋을 알리는 부산의 대표적인 한복거리라 해도 틀린 말은 아닐 것이다. 요즘은 옛날처럼 한복을 많이 맞추어 입지는 않지만 결혼을 준비하는 예비신랑 신부들은 한 벌쯤은 한복을 갖추는 추세이다. 특히 주말이면 이곳 한복거리에는 부모님과 함께 한복집을 찾는 청춘 남녀들이 많이 찾고 있다.
",35.136474,129.05871,food,http://busandabom.net/cmm/fms/getImage.do?atchFileId=FILE_000000000000991&fileSn=0,
"한국 최대의 수산물시장, 자갈치시장",부산광역시 동래구 온천1동 금강공원로20번길 23,"부산의 목욕문화가 바뀌고 있다. 예부터 부산의 목욕문화를 융성시켰던 동래, 해운대, 태종대 등지에서 솟아나는 양질의 온천수는 그 효능에 관한 오랜 전설을 지닐 뿐만 아니라 과학적으로 이들 온천수의 탁월한 효능이 입증되었을 정도로 명성이 자자하였다.

그 때문에 긴 세월동안 온천 목욕을 즐기려는 이들의 발길이 끊이지 않을 정도로 부산의 온천은 인기가 있었다. 그런데 뜨거운 욕탕에 들어가 피로를 풀고 때를 미는 것으로는 만족하지 못한 시민들이 언제부턴가 진화하기 시작했다. 입욕과 때밀기로 이루어지는 고유한 목욕문화의 틀을 깨고 부산을 뜨겁게 달구고 있다. 찜질방이다. 목욕뿐만 아니라 여가를 동시에 즐기는 신 개념 목욕시설, 찜질방은 어떻게 등장하게 된 것일까? 찜질방의 발상지는 부산이다. 그리고 그 기원은 본격적인 찜질방의 등장 이전에 비슷한 개념으로 존재하던 목욕시설에서 볼 수 있다. 온천이나 동네 목욕탕에 오래 전부터 빠지지 않는 한증막 시설이 그것이다. 단지 물로 씻기만 하는 것이 아닌 뜨겁게 땀을 빼는 건식목욕은 조상대대로 건강을 지키는 비법의 일환이었다.

 우리나라 한증의 역사는 온천과 비슷하게 치료의 역사에 기원한다. 태조 이전부터 대대로 운영된 동서 대비원을 동서 활인원으로 바꾼 세종은 특히 병자들의 치료를 위해 힘썼다. 한증소를 세우고 탕욕하는 욕실을 만들어 아픈 사람들의 치료에 이용하도록 했던 것이다. 한증소에서 무리한 땀 빼기로 죽는 사람도 있었지만 그 효과가 탁월하여 조상대대로 사랑받아왔다. 일제강점기에는 한증소를 만병통치약이라 광고한 것을 많이 찾아볼 수 있다. 일제 때 돌을 쌓고 흙을 발라 만든 가마 구조의 한증막이 다수 생겨났다. 이는 가마 안에 불을 지펴 뜨겁게 달군 뒤 재를 꺼내고 욕객들을 들여보내는 방식이었다. 이러한 역사 속에 한증막은 목욕시설을 찾는 이들의 사랑을 한 몸에 받는 핫플레이스로 자리 잡았다. 한증막의 열기가 숨을 탁 막히게 하고 온 몸을 태울 듯 강렬해도 사람들은 그 좁은 공간에 옹기종기 모여 앉아 휴식을 즐긴다. 누가누가 오래 버티나 대결이라도 하듯 뜨거운 열기에 얼굴을 찌푸리면서도 몇 십분, 몇 시간을 앉아 있는 사람도 있다. 스트레칭 삼매경에 빠진 사람도 있다. 얼굴에 수건을 덮고서 간신히 숨을 내쉬고 있는 사람도 있다. 그 와중에 유독 평온하게 독경하는 듯이 앉아있는 사람도 있다. 각양각색이다. 이들이 모여 한증막은 어느새 수다방이 되고 동네 사랑방 구실을 하게 된다. 한증막의 특성을 살린 목욕과 여가의 결합이 오늘날 부산찜질방을 낳은 것이다.

부산의 기존 목욕문화에 여가의 개념이 첨가되어 확대된 시기는 1990년대 초반이다. 동래 농심호텔의 허심청을 변화의 기점으로 꼽을 수 있다. 1985년 동래관광호텔을 인수한 (주)농심은 1989년 대대적인 공사를 거쳐 1991년 허심청을 개관하였다. 그 규모가 어마어마하고 기존 목욕시설의 개념을 훨씬 넘어서는 시설을 자랑하였다. 거대한 대중목욕탕을 중심으로 연회시설과 식당, 레저시설 등이 어우러져 복합여가공간을 형성했다. 당시 동양 최대 규모라는 수식어가 붙은 허심청은 최대 3000여 명을 동시 수용할 수 있었다. 목욕탕이 씻기만 하는 곳이 아니라 놀고 즐기는 곳으로 인식하게 만들었다. 동래 온천의 제2의 도약을 꿈꾸며 엄청난 시설로 탄생한 허심청은 사실 당시로서는 꽤 부담스러운 가격이었다. 고급스러운 분위기가 사람들의 발걸음을 주춤하게 했다. 이에 보다 서민들이 편하게 즐길 수 있는, 목욕과 휴식을 마음껏 즐길 수 있는 찜질방이 속속들이 생겨나기 시작하였다.

부산에서 첫 선을 보인 찜질방은 우리나라의 전통 온돌과 한증막에 휴식, 여가의 개념을 반영하여 국민 휴양지로 거듭났다. 부산에서 서울로, 그리고 전국적으로 퍼져나가면서 찜질방은 폭발적인 인기를 얻고, 하나의 문화를 형성하였다. 찜질방의 확산 초기 서울에서는 상륙 3개월 만에 250여 개 업소가 생겨날 정도였다고 하니 과연 획기적인 국민여가 시설이 탄생하였다고 할 만하다.

찜질방은 전통과 현대를 방 문화에 적절히 융합해 창조한 여가 공간이다. 찜질방에 들어서면 먼저 사람들이 모여 있는 넓은 온돌과 마주한다.

이곳에서는 사람들이 남녀노소 할 것 없이 황토색 찜질복을 입고 삼삼오오 모여 쉬고 먹고 놀고 있다. 편하게 누워 잠을 청하는 이들도 다수다. 또한 찜질방에는 불가마, 산소방, 소금방 등 다양한 한증 시설과 수면방, PC방, 노래방, 만화방, 식당 등 온갖 종류의 노는 방들이 손님을 맞이한다.

목욕과 동시에 여가를 즐기고자하는 사람들의 욕구가 만들어낸 산물, 찜질방. 부담 없는 가격에 씻고, 놀고, 자기에 이만한 곳이 없다. 오늘날 부산 찜질방은 다양한 방 문화를 누리려는 사람들로 문전성시를 이룬다.

부산에는 제대로 된 찜질을 즐길 수 있는 시설 좋은 찜질방들이 매우 많으나 가장 유명한 곳은광안리와 해운대 인근 찜질방이다. 이곳이 인기를 끄는 이유는 광안리 앞바다와 해운대 바다를 조망할 수 있는 경관에 있다. 1월 1일이면 일출을 보며 새해를 맞이하려는 이들로 북새통을 이룬다.

노천 전망대에 새해 소망까지 담는 찜질이라니, 부산에 온천 역사가 깊기 때문에 목욕문화가 진화한 것이다.
",35.221169,129.08268,food,http://busandabom.net/cmm/fms/getImage.do?atchFileId=FILE_000000000000994&fileSn=0,
"최대의 만물시장, 부전마켓타운",부산광역시 부산진구 부전동 46,"부산은 물론 전국에서도 가장 큰 규모를 자랑하는 재래시장이 부전마켓타운이다. 부전 기차역과 부전지하철역을 끼고 있고 부산의 번화가인 서면과도 맞닿아 있어 지리상 부산 도심지에 위치해 있다.

이곳은 원래 기장골목시장으로 출발하여 부전시장으로 이름이 바뀌고 다시 부전마켓타운으로 변모해 왔다.한국전쟁 이후 부산 근교인 기장, 서생, 일광, 월내 등지에서 생산된 농수산물을 싣고 온 보따리장수들이 동해남부선 부전역에서 짐을 풀고 행상을 벌인 것이 그 시초다.

부산의 대형 재래시장 중 한 곳인 이곳은 인삼시장과 전자종합시장 등 다양한 시장이 한곳에 난립하다보니 찾는 이들은 물론 상인들도 불편했다.



이러한 문제점을 해소하고자 2006년 12월에 6개의 시장을 통합하여 부전마켓타운이라는 이름을 짓고 시장 활성화 구역으로 지정했다. 흔희 부전시장으로 부르지만 부전상가, 부전인삼시장, 부산전자종합시장, 서면종합시장 그리고 부산농수산물새벽시장 등을 포함해 6개의 시장, 3,000여 점포가 영업하고 있다. 부산에서 가장 큰 시장을 형성하고 있는 것이다.

그래서 2008년에 지붕 아케이드를 설치하는 등 주변을 말끔히 정비하였고, 전국 최초로 원스톱 공동배송 서비스를 구축해 고객 홈 직배송 서비스를 실시하고 있다. 원조격인 부전시장은 노점과 재래식 건물에 입주한 상인들이 채소류, 어류, 축산물 등을 취급하고 있으며, 부전마켓의 주축을 이룬다. 부전시장을 모르면 부산시민이 아니다 라고 할 정도로 이름난 시장이고 시장다운 시장이다. 인

산, 수삼, 홍삼, 건강식품 도 소매 등을 다루는 부전인삼시장은 1989년에 부전시장 건물 2층에 개장하였다. 수삼건삼홍삼뿐만 아니라 인삼가공식품 각종 건강식품을 폭넓게 취급하는 부산 유일의 인삼 도매시장이다.

가전전문 도매시장인 부산전자종합시장은 1980년 부산종합시장으로 설립한 후 1990년대까지 호황을 누려온 영남권 최대의 전자종합상가이다. 1997년 IMF를 거치면서 유통시장 개방과 대형마트 및 중국산 저가형 가전제품으로 예전의 위세를 잃기도 하였지만 2002년 상가시설 현대화와 서비스 질 개선으로 옛 명성을 되찾아가고 있다. 2007년에는 우수시장으로 선정되어 대통령 표창을 수상하기도 했다.



옛 부전종합상가였던 부전농수산물새벽시장은 1985년 개설하여 농수산물, 식품, 반찬류 등을 취급하며 특수야채, 특산 김치공장, 건어물 및 과일 도소매 전문시장이다. 해가 채 뜨기도 전인 어스름 새벽부터 바삐 움직이는 상인들의 모습을 보면서 활기찬 삶의 냄새를 맡을 수 있는 곳이다.

악기, 청과물 전문도매 시장인 서면종합시장은 한국전쟁 이후 전국 각지에서 몰려 온 피란민들이 터를 잡으면서 형성된 시장이다. 1970년대에 지어진 3층 상가 건물로 청과시장과 전자악기 상가가 위치해 있다. 특히 전자악기 상가는 각종 전자악기 음향기기 전문점 80여개소가 밀집되어 국내외에서 유통되는 모든 악기를 구할 수 있는 곳이다.

부전마켓타운은 전통과 현대가 공존하는 재래시장이고 문화가 소통되는 재래시장이다. 재래시장을 꺼리는 젊은 층의 불편함을 최소화하기 위하여 시설 현대화사업을 진행하면서, 시장 곳곳에 휴식공간을 마련하였다. 연령대가 높은 고객들이 편하게 쇼핑 할 수 있도록 배려한 것이다.

또한 이곳에서는 리어카거리와 천막노점거리를 별도로 조성했다. 리어카와 노점이 혼재하면 손님들이 카드를 이용하는데 불편할 것이라는 점에 착안한 것이란다. 이곳에서는 2010년 5월부터 색다른 볼거리를 제공하고 있다. 문화를 통한 전통시장 활성화 사업인 문전성시(門前成市)프로젝트를 통하여 전국의 시범시장 18곳 중 한 곳이 되었다.

시장 상인들과 시장을 찾는 고객들이 쉴 수 있는 공간을 제공하는 사랑방 프로그램을 시작으로 시장 공간을 적극적으로 활용하여, 무용, 마임, 거리극, 아크로바틱 등 관광객과 배우가 함께 호흡하는 퍼포먼스, 상인 다큐멘터리, 토요문화 야시장 등 많은 사업을 추진하고 있다.

시장 곳곳에는 아름다운 벽화도 그려져 있고 시장 천장에는 여러 가지 재활용품을 활용해 만든 작품들을 매달아 볼거리를 제공하고 있다. 단순히 시장을 구경하는 것에 그치지 않고 시장문화를 즐기고 싶은 사람들을 위해 시장통 골목투어라는 이벤트를 진행하는 특별한 시장이 되고 있다. 여행객의 입소문을 타고 일본 한류팬이 방문하고 부산시내 각급학교 학생들이 투어에 나서는 새로운 공간으로 변신하였다.
",35.163598,129.061849,food,http://busandabom.net/cmm/fms/getImage.do?atchFileId=FILE_000000000000995&fileSn=0,
"조선시대 왕의 진상품, 기장미역",부산광역시 기장군 기장읍 대변리 325-7,"예로부터 미역은 산후선약(産後仙藥)이라 하여, 우리의 선조들은 산후 순산에 감사하고 아기의 장수를 비는 뜻에서 쌀밥과 미역국으로 삼신상(三神床)을 차렸다. 그리고 생후 삼칠일(21일)과 백일, 돌에도 미역으로 삼신상을 차려 아기의 건강을 빌었고, 지금도 미역국은 우리나라 여자들이 출산 뒤에 먹는 좋은 먹거리이다.



특히, 부산의 기장군 송정리 일대의 바다에서 채취된 기장미역은 다른 지역미역에 보다 맛이 쫄깃하고 특유의 향이 좋다는 평가를 받고 있다. 그 이유는 청정해역인 기장군의 앞바다는 물살이 세고 일조량도 풍부해 미역이 잘 자라는 곳이다. 봄가을에 한류와 난류가 교차하여 플랑크톤이 풍부해 미역이 잘 자라고 조류도 바닷물이 위아래로 뒤섞이는 등 적당히 거세어서 부유 유기물이 풍부하기 때문이다. 실학자 한치윤(韓致奫)이 쓴 『해동역사(海東繹史, 1823)』에 의하면, 신라의 앞바다에서 미역과 같은 해초와 다시마가 난다라는 기록으로 볼 때 신라시대부터 기장지역을 포함한 동해안에서 미역을 채취하고 있었음을 엿볼 수 있다.

기장미역에 대한 기록으로는, 조선 초기 『세종실록지리지(世宗實錄地理志, 1454)』 동래현조에 미역을 진공[土貢]하였다는 기록과 『동래부지(東萊府誌, 1740)』 토산조(土産條)에도 곽(藿)이라는 이름을 가진 토산물이 등장한다. 이것이 바로 미역이다. 15세기 이전부터 기장지역의 미역이 유명하였던 것으로 추정할 수 있다. 조선시대에 조정은 산지에서 진상(進上)한 미역을 비축해 두었다가 관리들에게 지급하기도 하고, 빈민을 구제하는 데도 사용했다. 미역은 국가의 세원(稅源)이기도 했다. 그러나 산지의 어민들은 미역을 진상하느라 여간 곤욕을 치르지 않으면 안 되었다. 기장은 바로 그런 고을 중 하나였다.



1906년 5월에 기장군에 사는 김종섭(金鍾燮), 구병윤(具炳潤) 등은 중간에서 농간을 부리는 관리들의 횡포를 견디다 못해 다음과 같은 내용의 청원서를 통감부에 제출하기도 했다. 본인이 사는 땅은 해변의 구석으로서, 미역을 채취하여 생계로 삼는 백성들입니다. 옛날의 세전(稅錢)이 원래의 본정(本程)에 의하여 매년 탁지부(度支部)에 상납하였는데, 금년에 이르러 장정에는 본래 없는 곽도전(藿賭錢)을 거두어들인다라고 하였다. 곽도전은 미역 채취와 관련한 일종의 이중과세이다.



초기의 미역 생산은 해안가 바위에 붙어 있는 돌미역을 채취하였으나, 1960년대 이후 자연산이 점점 줄어들고 양식 미역이 증가하여 1980년대 이후에는 대부분 양식에 의해 생산되고 있다. 양식 미역은 먼저 성장한 미역귀에서 포자를 채취하여 배양실에서 키워 자란 포자를 줄에 이식한다. 그리고 포자를 이식한 줄을 물밑에 가라앉는 것을 막기 위해 곳곳에 부이를 달아 바다에 띄워 두고, 일정 기간 수중에서 자란 미역을 배를 타고 나가 줄을 올려 채취하는 과정을 거쳐 생산된다.



2007년 4월 20일 기장군은 부산광역시 기장군 기장읍 대변리 74-7번지 외 157필지 16만 8755㎡에 대해 기장미역다시마 특구로 지정하여, 기장미역을 기장군의 특산품으로 특화해 육성할 수 있도록 지원하고 있다. 기장미역의 출하 시기는 매년 12월부터 이듬해 4~5월까지이다. 거의 대부분이 원재료로 기업에 매입되고 있으며, 가공된 미역으로 소비자에게 전달되고 있다. 일부는 일본을 비롯한 해외로 판매되기도 한다. 부



부산광역시 해운대구는 매년 2월[정월 대보름]에 송정해수욕장에서 송정 정월대보름 미역 축제를 개최하고 있다. 기장군은 매년 4월 초에 기장미역 다시마축제를 개최하고 있다. 최근 기장과 해운대구 송정 일원에는 미역국 전문음식점이 성업 중이다. 전복, 가자미 등 해산물을 넣고 끓여 낸 미역국 맛이 가히 일품이다. 끓여도 쉽게 풀어지지 않고 꼬들꼬들함을 유지하는 기장미역 특유의 식감도 같이 느낄 수 있어 더욱 좋다.
",35.224591,129.23048,food,http://busandabom.net/cmm/fms/getImage.do?atchFileId=FILE_000000000000996&fileSn=0,
"자갈치 아지매의 손맛, 꼼장어구이",부산광역시 중구 남포동 자갈치해안로 52,"부산을 찾는 사람이라면 누구나 방문하는 곳이 있다. 자갈치 시장이다. 자갈치 시장에는 어느 곳이든 자갈치 아지매들의 손맛으로 버무린 부산 고유의 향토음식, 꼼장어구이가 있다. 꼼장어는 경상도 사투리다. 표준어론 먹장어이고 간혹 곰장어라 부르기도 한다. 우리나라 남부해안과 일본 근해에서만 생산되는데, 요리 과정에서 뜨거운 불 속에서 꼼지락 거리는 모습이 연상되어 곰장어를 꼼장어 라 불렀을 것이다. 지금은 부산의 대표 향토음식으로 부산 사람은 물론 부산을 찾는 관광객들에게 부산에 들러 꼭 먹어봐야할 음식으로 알려져 있지만, 끈적끈적한 점액 때문에 한때 사람들로부터 천대받았던 음식이다. 일제강점기 때는 가죽 공장이 부산에 들어섰고, 꼼장어도 예외는 아니어서 그 가죽을 일본으로 가져가 나막신의 끈으로 사용한 적도 있다. 하지만, 식민치하의 가난한 민중은 그러고 남은 꼼장어의 고깃살쩜을 그냥 버리지 않고 구워 먹는 이들도 있었다.

일제 강점기인 1936년, 경상남도 수산시험장의 보고에 부산부, 울산군 부근 하급 음식점에서 먹장어 요리를 내는 곳이 있다는 기록이 있는 것을 보면, 이 시절부터 이미 요리음식으로 개발된 것으로 보인다. 그러던 것을 한국전쟁 때 부산으로 모여든 피난민들이 부둣가에 드나드는 외지 손님들을 상대로 생선 행상을 하면서부터 본격적인 대중음식으로 각광을 받기 시작한다.

빨간색 고무 다라이에 생선을 이고 다니면서 이 사람 저 사람 붙잡고 거의 매달리다시피 팔다가 안착한 곳이 자갈치시장의 무허가 노점상이다. 이 생선행상 아지매들 중 한 명이 부둣가 한쪽에 평상을 차려놓고 꼼장어 양념구이 장사를 시작한 것이 출발이리라. 떠돌아다니던 아줌마들도 하나둘씩 자리를 잡기 시작했다. 자갈치 아지매들의 꼼장어구이가 부드러운 음식으로 태어나게 된 순간이다.

이제, 자갈치 시장에서 꼼장어구이를 파는 가게는 100여 곳이나 된다. 간판들이 대부분 타 지역의 지명을 달고 있는 게 인상적이다.

목포, 순천, 대구, 포항 등등 . 피란의 흔적이다. 그녀들은 분명 부산 토박이는 아니지만 한국전쟁 중에 이곳에 자리 잡은 자갈치 토박이들이다. 어려웠던 지난 시절의 고난을 온몸으로 버텨낸 그녀들 각자의 애환을 스티로폼 쟁반 위에 담아낼 때는 꼼장어구이가 바로 그녀들의 삶이 된다.

그래서 명물이다. 꼼장어구이는 꼼장어의 껍질을 벗기고 빨간 속살을 석쇠나 번철에 구워 먹는 음식이다. 먹는 방법에 따라 맛이 다르며 어느 것 하나 등한시 할 수 없는 맛이다.

꼼장어에 양념을 해 채소와 함께 버무려 구워먹는 양념구이는 자갈치나 부전역에서 만날 수 있다. 꼼장어 속살을 그대로 석쇠나 돌판에 구워 소금에 찍어 먹는 소금구이는 온천장에서 만날 수 있다.

꼼장어를 통째로 짚불이나 솔불에 던져 구워먹는 통구이는 기장에 가야 맛볼 수 있다. 그 중에서도 꿈틀거리는 꼼장어에 양념을 해 채소와 함께 볶아먹는 꼼장어구이는 자갈치 시장이 원조다.

그뿐 아니다. 자갈치에서는 살아 있는 꼼장어의 조리 과정을 다 볼 수 있다. 도마에 박힌 송곳에 꼼장어의 머리를 꽂고 껍질을 벗긴다. 내장을 떼어낸 후 토막을 치는데, 그래도 그 살은 꿈틀거린다. 불판에 올라가서도 빠닥빠닥 용을 쓰다가 어떤 놈은 불판 밖으로 탈출을 감행하기도 한다. 젊은 여성에겐 결코 친근할 수 있는 조리법이 아니지만, 여기에 고추장 양념이 더해지고 꼼장어가 익어 가면 혐오감은 잊힌다.

이즈음, 꼬들꼬들 야들야들 매콤매콤 고소한 꼼장어구이로 탄생하게 된다.이제는 직장인의 소주안주, 식도락 음식, 건강음식, 고향음식으로 누구나 즐기는 건강식, 스태미나 식으로 자리 잡아 서민들의 입맛을 자극한다. 앞으로도 서민과 애환을 같이할 음식이다.
",35.096776,129.030456,food,http://busandabom.net/cmm/fms/getImage.do?atchFileId=FILE_000000000000997&fileSn=0,
"서민들의 허기를 달랬던 그 곳, 부산의 먹자골목",부산광역시 부산진구 부전2동 서면로68번길,"부산지역에 먹자골목이 형성되기 시작한 것은 815 해방 이후 일본인들이 철수한 후 남겨진 여러 물자들을 팔던 장터가 형성되었다. 그 대표적인 곳이 부산광역시 중구 창선동의 국제시장이다. 또한 1970년대 부도심으로 급격하게 발전하게 된 서면교차로 부근 부전시장을 중심으로 사람들이 모여 들자 주변 상인과 오가는 사람들을 대상으로 먹을거리를 제공하면서 새로운 먹가골목이 형성되기 시작하였다. 부산지역에는 다양한 먹자골목과 횟집촌, 곰장어골목 등이 형성되어 많은 사람들이 찾고 있다. 여기서는 대표적인 먹자골목을 소개하고자 한다.



[창선동 먹자골목]

부산광역시 중구 창선동 3가에 있는 다양한 음식 포장마차가 밀집한 골목을 창선동 먹자골목이라 한다. 815 해방 이후 일본인들이 철수한 후 남겨진 여러 물자들을 팔던 장터가 형성되었고, 625전쟁으로 피난민들이 모여들면서 돗떼기 시장인 국제시장이 1950년 5월 정식으로 개장하였다. 사람들이 모여 들자 주변 상인과 오가는 사람들을 대상으로 먹을거리를 제공하면서 음식점 거리가 형성되기 시작하였다. 창선동 먹자골목은 부산의 도심부로 몰려드는 사람들이 늘어나면서 더욱 번성하게 되었다. 포장마차 먹거리에 대한 우려로 한때 어려움을 겪기도 하였으나, 부산을 대표하는 먹거리 골목으로 알려지면서 외지의 관광객까지 찾아드는 지역으로 변모하여 현재까지 성업을 누리고 있다.

아리랑 골목 입구에서 중구로 30번길을 따라 포장마차가 늘어서 있는 구역의 골목 중앙부에는 앉은뱅이 의자를 비치한 매대(賣臺)가 길게 늘어서 있다. 좁은 골목길에 매대와 사람들이 북적거려 통행이 불편하지만, 그 자체로도 먹자골목의 독특한 풍경이며, 삶의 활력으로 인식하고 있다. 이곳의 매대는 하루 중 오후에 장사를 시작한다. 오전에는 깨끗하게 비어 있던 골목이 오후가 되며 한 떼의 아지매들이 몰려들며 매대와 앉은뱅이 의자를 놓고 장사를 시작하고, 장사가 끝나는 야간이면 골목에 빽빽하게 들어서 있던 모든 매대가 철수하며 빈 공간이 되어 버린다.

창선동 먹자골목의 먹거리 중 가장 특색 있는 것은 비빔당면이다. 비빔당면은 삶아 놓은 당면을 뜨거운 육수에 한 번 토렴한 후에 당면 위에 어묵, 시금치, 김 가루, 고명, 매운 양념장을 올려주는 것으로 매운 맛과 당면의 조화가 독특한 느낌을 준다. 또한 어항(漁港)으로서의 부산항 특성을 보여주는 어묵과 일제강점기의 흔적을 보여주는 유부 주머니 역시 향토음식으로 부산다움을 드러내고 있다.

또한 먹자골목 옆 골목에는 팥빙수와 팥죽을 전문으로 판매하는 포장마차가 모여 있는 거리가 있다. 1970년대부터 하나 둘 좌판에서 팥죽을 끓여 판매하는 노점상이 생겨나면서 팥빙수 팥죽골목이 형성되었다. 여름철 한더위에는 얼음을 갈아 계절 한정으로 팥빙수를 판매하며 호황을 누린다. 2000년대에 들어서는 옛날식 팥빙수를 먹을 수 있는 거리, 직접 삶은 팥으로 만든 빙수로 이름이 알려지면서 찾는 사람들이 늘어나 외지인과 해외 관광객까지 찾는 명소가 되었다. 이곳은 일본인 관광객들도 많이 찾는 곳으로 텔레비전 예능 프로그램인 1박 2일, 런닝 맨 등에서 소개되기도 하였다.



[서면 먹자골목]

서면 먹자골목은 부산진구 부전동 서면시장에 있는 다양한 먹거리 포장마차가 밀집한 골목이다. 다양한 먹거리를 판매하는 중구 창선동 먹자골목과 달리 서면 먹자골목은 분식류의 간단한 먹거리가 주를 이룬다. 서면 먹자골목이 자리한 장소가 10대와 20대가 많이 찾는 곳이라서 간단한 분식류가 특화되었다.

1960년대 서면을 중심으로 부산진구 당감동과 전포동, 동구 범일동 등지에 공장이 들어서면서 서면으로 모여드는 노동자 수가 증가하게 되었다. 일이 끝나고 서면 시장으로 몰려들어 장을 보는 사람들이 늘어났으며, 간단한 먹거리도 함께 등장하게 되었다. 이에 따라 시장을 오가는 사람들을 위한 먹거리 좌판이 모여들면서 서면 먹자골목이 형성되었다. 1990년대 주변에 서면 1번가가 조성되었으며, 인접한 먹자골목을 찾는 사람들이 늘어나게 되었다. 2001년 서면 1번가에 화강암 보도블록과 경관등을 조성하면서 서면 먹자골목까지 새 단장을 하였다.

서면 먹자골목은 서면시장 상가의 동쪽 서면로 68번길을 따라 조성되어 있다. 도로에는 화강암의 보도블록이 깔려 있다. 서면시장으로 들어서는 골목 입구 쪽에서부터 떡볶이, 어묵 꼬치, 순대, 계란, 파전, 만두, 길고 가늘게 만 김밥 등 여러 종류의 분식류를 판매하는 포장마차 7~8개가량이 골목 한가운데 늘어서 있다.



[문현동 곱창골목]

문현동 곱창골목은 부산광역시 남구 문현동에 있는 곱창 요리를 전문으로 판매하는 골목이다. 일제강점기 지금의 문현교차로 북쪽에는 조선방직 사택이 줄지어 있었고, 625전쟁 시기에는 미군부대가 주둔하기도 했다. 따라서 문현시장에서 판매하던 곱창은 일찍부터 노동자들이 즐기던 값싼 음식물이 되었을 것으로 추측된다. 문현동 곱창골목의 전성기는 197080년대이다. 인근 부산광역시 동구 범일동 공장과 남구 감만동 부두의 가난한 노동자들이 남구 문현동 일대에 마을을 이루고 살았고, 이들의 유일한 안주거리가 바로 곱창이었다. 노동자의 단골 먹거리가 되면서 1990년대부터 가게가 들어서기 시작하여 전문 거리를 이루었다.

이후 문현동 곱창골목은 남구 문현동과 인근에 한정하지 않고 부산지역 전체 노동자들의 단골 먹거리로 정착되었다. 문현동 곱창골목은 2001년 영화 「친구」 촬영지가 되면서 널리 알려지게 되었다. 2002년 시작된 문현곱창거리축제 때는 인근까지 연기가 퍼질 정도로 성황을 이루었다. 지금은 예전보다 가게가 줄어 15개소 정도가 있다.
",35.155678,129.058411,food,http://busandabom.net/cmm/fms/getImage.do?atchFileId=FILE_000000000001001&fileSn=0,
"부산의 자존심, 부산 어묵",부산광역시 영도구 동래동2가 39-1,"거리에서도 우리의 밥상에서도 흔히 볼 수 것이 부산에서는 어묵이다. 부산은 어묵의 주재료인 신선한 생선들을 쉽게 구할 수 있는 최적의 지역으로 우리나라 어묵의 40%가 생산되는 곳이다. 당연히 부산에서 시작된 부산의 대표음식이 어묵이며, 부산시가 품질을 보증할 수 있는 점이 부산어묵의 위력이다. 대부분의 사람들은 어묵과 오뎅을 같은 것으로 생각한다. 물론 어묵의 본 고장인 부산사람들 조차 어묵은 우리말이고 오뎅은 일본말로 서로 같다고 말하는 경우가 많다. 그것은 일본의 영향을 빼고 어묵을 말할 수 없기 때문이다. 어묵은 생선살을 잘게 으깨 소금과 약간의 전분을 넣어 뭉친 것으로 튀기거나 삶거나 쪄서 만든 것을 말하며, 생선을 갈아 묵처럼 만들었다고 해서 생선묵, 어(漁)묵이라고 했다고 한다. 반면에 오뎅은 국물에 어묵을 비롯하여 두부, 곤약 등을 삶아서 조리한 음식이다. 즉, 어묵을 국물에 삶으면 오뎅이 되는 것이다. 본디 일본의 오뎅은 갖가지 재료를 넣어 끓인 국물의 맛이 오뎅에 스며들 수 있도록 하지만 한국의 어묵은 국물에 어묵맛이 우려나도록 한다. 한국 사람은 따뜻한 국물을 마시기 위해 어묵을 찾지만, 일본 사람들은 어묵 그 자체를 먹기 위해 오뎅을 찾는다. 한국 어묵과 일본 오뎅의 차이다.

부산어묵의 역사는 부산항이 개항 되면서 일본인이 대거 정착하자 시작되었다고 한다. 부산에 거주하는 일본인들의 수가 늘어나면서 어묵의 주재료인 생선을 쉽게 구할 수 있는 부산에 소규모 어묵공장이 처음 생겼고, 해방 후 일본인이 떠난 그 곳에 일본 어묵공장에서 일하던 사람들이 어묵공장을 세웠던 것이다.부산 사람이 세운 최초의 어묵공장은 부평동시장에서 시작한 동광식품이다. 1950년에는 영도 봉래시장 입구에 삼진식품이 설립된다. 때마침 한국전쟁이 발발해 피난민이 대거 부산으로 유입되자 어묵 생산은 호황을 맞기 시작한다. 이 즈음 동광식품과 삼진식품의 공장장 출신이 합작해서 영주동시장에 다시 환공어묵을 설립하게 된다. 1950년~1960년대에 미도, 대원, 영진 등의 어묵 제조 공장이 생겨나며 어묵업계는 춘추전국시대를 맞는다. 1985년에는 대기업 삼호FG에서도 제품개발에 뛰어든다. 이때 어묵이라는 이름을 처음 썼다고 전해진다. 아쉽게도 환공어묵은 지난 1990년 부도 후 새 주인을 맞아 경남 김해시로 본사와 공장을 옮겼고, 동광식품은 잠시 대가 끊어졌다가 최근 중앙시장에서 그 맥이 이어지고 있다.한때 어묵 만드는 거 직접 보면 못 먹는다 라는 속설이 있었다. 위생 설비가 부족하고 시장에서 팔리던 생선 부산물을 마구잡이로 쓰는 경우가 많았기 때문이다. 오늘날 부산어묵은 전혀 그렇지 않다. 공동어시장에서 나오는 신선한 생선을 사용하고, 2007년 부산 명품수산물 브랜드로 부산어묵의 품질을 부산시가 보장하고 있다. 생산업체에서도 70%이상의 생선살을 사용하는 품질기준을 엄격히 지키고 있다. 이런 노력으로 부산어묵이 다른 곳에 비해 어묵살이 잘 풀어지지 않고 탱탱한 형태를 유지하며 그 맛도 일본 어묵에 뒤지지 않는다. 부산어묵이 아니면 장사가 잘 되지 않을 정도다.

이제 부산어묵이 부산의 특산품으로 다양화와 고급화를 지향하며 변신을 꾀하고 있다. 부산에서 가장 오래된 삼진어묵에서 국내 최초로 부산어묵 체험 역사관 을 열었다. 그리고 어묵제품에 고급스런 빵집 포장을 도입해 부산어묵을 보기 좋게 포장하면서 부산의 9가지 먹거리에 대한 정보를 담은 구석9席(석)이 부산 대표 관광기념품으로 탄생되었다.

2014년 부산의 10대 히트상품에는 부산국제영화제, 불꽃축제와 함께 삼진어묵이 선정됐다. 1950년대 그의 할아버지가 시작한 삼진어묵을 물려받아 본격적으로 어묵사업에 뛰어든 지 4년 만에 10배의 매출을 늘린 어묵공장의 젊은 손자 사장의 어묵베이커리 전략이 그 출발점이었다.
",35.092973,129.042813,food,http://busandabom.net/cmm/fms/getImage.do?atchFileId=FILE_000000000001003&fileSn=0,
"부산의 이색족발, 냉채족발",부산광역시 부평동,"광복로의 서쪽 끝에 부평동 족발골목이 자리하고 있다. 부산국제영화제의 열기와 함께 영화를 사랑하는 사람들의 입소문을 타고 자리 잡은 부산의 대표 먹거리가 이곳에 있다. 바로 톡 쏘는 맛이 매력인 냉채족발이다. 족발은 특유의 쫄깃한 맛과 풍미를 갖고 있어 예로부터 젖이 나지 않는 산모가 고아먹으면 좋다고 알려져 있을 뿐만 아니라 어린이의 두뇌 활동이나 여성피부미용에도 좋다고 알려져 왔다. 그래서 돼지고기의 다른 부위에 비해서 여성 고객이 특히 많다.

중국 등지에서는 돼지 족발이 건강과 장수를 비는 축하음식으로 여겨져, 국수와 함께 생일잔치에 오르는 단골음식이란다. 요즘에는 누구나 젤라틴 성분이 풍부하다는 것쯤은 안다. 고소하고 쫄깃하여 서민들이 즐기는 음식 중에 하나가 된 것이다. 이런 족발 음식에 다른 재료를 혼합한 독특한 음식이 등장하였다. 바로 부산의 이색족발, 냉채족발이다.그날그날 바로 삶아내는 쫄깃한 족발을 차갑게 식히고 얇게 썰어 해파리, 오이 등과 함께 소스를 버무려 먹는 음식인데, 톡 쏘는 맛과 해파리의 쫄깃함, 오이의 아삭아삭하고 상큼함이 어우러져 그 맛을 더하는 데 냉채족발의 비결이 있다. 처음부터 냉채족발이 이곳 부평동 족발골목에 있었던 것은 아니다. 수많은 족발집 중에서도 냉채족발을 처음 개발한 곳이 어딜까? 어디든 있는 원조 논쟁 중에도 처음 개발하였다는 간판을 내건 곳의 이야기를 들어보면, 냉채족발 탄생의 비화를 들을 수 있다.

1980년대 후반이란다. 족발 집을 하기 전에 중국집을 경영하였던 사장은 그때의 경험을 살려 소스를 개발하였다. 해파리냉채와 오향장육에서 포인트를 얻은 것이다. 족발 집을 처음 열었을 당시는 일반 족발 밖에 없었기 때문에 그는 냉채족발, 장육족발 등 다양한 접목을 시도하였다. 그러던 어느 날이다. 족발 집의 주 고객층이 40대 이상의 중년층이었던 시절, 그는 젊은 층을 끌어들이기 위한 방법에 몰두한다. 얇게 썬 족발에 해파리오이당근맛살 등과 함께 간장, 겨자 소스도 비벼 넣었다. 주 고객층의 연령을 낮추기 위한 전략이 맞아떨어졌다. 족발, 족발냉채, 장육 처음 개발한 집이란 간판을 내건 족발집 사장의 이야기다. 다른 집 이야기를 들어보면, 팔지 못해 곁에 둔 족발을 냉채에 버무려 먹다가 젊은 층이 좋아하는 것을 보고 지금의 냉채족발로 개발하게 되었다고 한다.어떻게 해서 만들어졌는지, 어느 것이 진짜 원조인지는 확실치 않다. 하지만 냉채족발이 등장한 시기가 1980~90년대인 것은 분명하다.항상 그렇듯이 냉채족발이 처음 만들어진 곳을 따라 다른 족발 집들도 서둘러 냉채족발을 내놓기 시작했을 것이다. 새로 문 여는 냉채족발 집들도 늘어나고 그러면서 국제시장 지하쇼핑센터 1번 출구에서 시작해 부평 교차로까지 150여m가 족발골목으로 채워졌다. 이 골목에는 이제 세 곳의 명가가 탄생하여 새로운 맛 경쟁을 하고 있다.

부평동 족발거리의 냉채족발은 두께가 얇아 쫄깃한 식감을 즐기면서도 코끝을 자극하는 향 때문에 없던 입맛도 되살아나는 음식이지만, 부산에서만 나기에 부산의 맛을 볼 수 있는 최고의 인기 메뉴다.
",35.099442,129.027033,food,http://busandabom.net/cmm/fms/getImage.do?atchFileId=FILE_000000000001004&fileSn=0,
"부산의 아이콘, 국제시장과 부평깡통시장",부산광역시 중구 광복동 국제시장2길 25,"없는 것 빼고 다 있다는 부산의 명물시장이 등장하였다. 2009년에 국제시장, 광복동 만물의 거리, 부평시장(깡통시장), 창선상가 그리고 대덕시장 등의 5개 재래시장을 통합한 국제마켓타운이다. 2006년 부전마켓타운에 이어 두 번째 재래시장 통합으로 매장 면적과 종사자 수에서는 부전마켓타운을 능가한다. 부산광역시 중구 신창동에 위치하고 있으며, 부산 최대의 재래시장이다.한때 우리나라에서 가장 거래규모가 큰 상업도시로서 부산의 이름을 떨치게 해주었던 상징적인 존재가 국제시장이었는데 최근에는 영화 국제시장으로 다시 이름을 떨치고 있다. 오늘 날의 국제시장 일대는 일제강점기 말기인 태평양전쟁 때, 일제가 연합군의 공습을 대비해서 주택가와 상가를 철거시킨 곳이다. 광복이 되자 일본인들이 철수하고 미군에 의해 전시통제물자가 들어오면서 부평동 공설시장 옆 공터인 그 곳에 현재의 국제시장이 상설시장으로 서게 된 것이다. 한때 돗떼기시장 혹은 도떼기시장으로 불린 적도 있었다. 도떼기시장이란 말은 장터에 모인 이들이 일본에서 돌아온 귀환동포가 대부분이었기 때문에 일본어로 잡았다(챙겼다)라는 뜻의 톳따(取った)에서 비롯되었다는 말도 있고, 별의별 물건이 다 있어 이것저것 가리지 않고 있는 데로 싹 쓸어 모아 물건을 흥정하는 도거리시장 또는 도거리로 떼어 흥정한다는 뜻에서 붙여졌다는 말도 있다.

1948년 4월에 판자건물 12채에 1,200개 점포를 만들어 자유시장으로 첫 출발을 내딛었으나, 한국전쟁과 더불어 전국 각지의 피란민들이 모여 들자, 전시 구호품이나 미군 군용품이 유통되면서 시장규모가 커지고 외국물건까지 없는 물품이 없다고 해서 오늘날의 국제시장 이라 불리게 된 것이 1950년 5월이다. 그리고 반세기 이상을 지나 우리 역사를 반영하는 시장으로 우뚝 서게 되었다.

일가친척 없는 몸이 지금은 무엇을 하나/ 이 내 몸은 국제시장 장사치기다

가수 현인의 굳세어라 금순아 일부이다. 당시로서는 누구나 쉽게 할 수 있는 것이 장사치였다. 사람 빼고 모두 외제라는 말이 유행할 정도로 밀수 외국상품은 물론 유엔군 군수물자까지 흔하게 거래되었다. 느닷없이 한미합동 헌병 단속반이 들이닥칠 때면 소동도 벌어졌다. 쫓고 쫓기는 추격전이 벌어지고 시장 일대가 쑥대밭이 되었다.

1950년 12월에는 시장 전체가 불타버릴 정도의 큰 불이 났다. 이후에도 여러 번 화재가 발생하였다. 1970년 4월에 지금의 콘크리트 시설로 면모를 갖추었다. 인근 대형 백화점을 비롯한 광복동 상가들과의 상권 경쟁관계에 있으나 여전히 부산 시장의 상징적인 존재일 뿐 아니라 많은 사람들이 찾는 명소로 꼽힌다.

2014년 12월17일 개봉된 영화 국제시장 덕분에 최근에는 다시 각광을 받으며 미증유의 영광을 되찾고 있다.

국제시장은 1950년대 한국전쟁 당시 피난민들이 만든 시장이에요. 우리나라 역사를 대변할 수 있는 시장이기 때문에 가장 평범한 아버지의 가장 위대한 이야기를 하고 싶은데 가장 평범한 사람들이 사는 장소가 또 시장이라는 의미도 있고, 우리 부모님 세대들에 대해서 가장 맞는 공간이 바로 부산에 있는 국제시장이라는 생각이 들어서 메인 공간을 부산에 있는 국제시장으로 정했습니다. 영화감독 윤제균의 말이다.

이곳에서는 눈길을 끄는 음식이 있다. 바로 비빔당면이다. 당면요리라고 하면 일반적으로 잡채를 떠올리기 쉽다. 국수도 아니고 잡채도 아니어서 아무래도 처음 먹어보는 사람이 대부분일 게다. 감자나 고구마의 녹말을 가루로 내어 마른국수처럼 먹었던 당면은 국수와 달리 면이 팽창하여도 쫄깃쫄깃하고 양도 국수보다 많아서 피란시절 국제시장의 많은 난전 상인들이 즐겨먹었다. 그래서인지 비빔당면은 그 조리법과 맛이 부산의 기질과 많이 닮아 있다. 즉석에서 바로 조리해주는 것도 특징이다. 유부전골도 빼놓을 수 없다. 타지 사람들이 물어물어 찾아오는 이곳의 인기 있는 메뉴이다. 당면이 가득 들어있는 말랑말랑한 유부에 어묵과 당근, 파 등이 국물그릇에 담겨 나오는데, 그 맛이 아주 개운하고 담백하다. 일반적으로 신창시장, 창선상가, 부평(깡통) 시장 등을 통틀어서 국제시장 이라고 부른다면, 중구를 중심으로 국제시장 맞은편 깡통시장을 끼고 있는 곳이 부평시장이다. 부산의 평탄한 곳이라는 의미에서 부평이란 명칭이 유래했다.

1910년 개설된 부평시장은 조선 최대의 공설시장이었으며 100년의 역사를 자랑한다. 1950년 한국전쟁 직후 미군부대에서 나온 통조림 종류와 각종 과자류 등을 노점상들이 내다 놓고 팔면서 깡통이란 말이 알려졌다.깡통시장이 크게 번창하게 된 것은 1970년대 베트남전쟁 참전 군인들이 귀국하면서다. 미군의 전투식량이 이곳에 반입되면서 판매되기 시작했다. 미사일 빼고는 구하지 못하는 외제 물건이 없다, 이곳에 없으면 대한민국에 없다 는 말이 그래서 생겼다. 현재까지도 때밀이 수건에서부터 최첨단 디지털카메라까지 없는 게 없는 도깨비시장으로서의 매력은 살아있다.

2013년 10월 29일, 부평깡통시장은 밤의 시장인 부평깡통야시장으로 어둠을 밝혔다. 전국 최초의 상설야시장이 탄생한 것이다. 전체 길이 110m로 기존 부평시장 2구간의 세 블록에 30여개 상품진열대가 일렬로 속속 들어서고 그 진열대마다 각각의 특색있는 음식들을 만들어 내놓기 시작했다. 부산향토 음식과 다문화 음식, 각종 패션 액세서리가 보기 좋게 진열돼 있다. 이제 이 곳 부평깡통야시장이 그야말로 다양한 먹거리와 볼거리, 즐길거리로 부산은 물론 전국적인 명소로 유명세를 타고 있다.
",35.101537,129.028345,food,http://busandabom.net/cmm/fms/getImage.do?atchFileId=FILE_000000000001006&fileSn=0,
"부산의 봄맛, 동래파전",부산광역시 동래구 복천동 명륜로94번길 43-10,"우리나라 3대 전(煎)인 빈대떡파전김치전 중에서 동래지방에서 이름난 것이 파전이다. 전의 역사는 오래 되어 그 연원을 파악하긴 힘들지만, 동래파전은 예전부터 임금님께 진상한 향토음식으로 알려졌다. 하지만, 정확히 언제부터 전래되어 온 건지 알 수 없다. 동래부 지역이 조선시대 행정과 국방의 중심지였던 만큼 음력 삼월삼짇날이 되면 동래부사가 향토음식을 임금께 진상하는 관례에 따라 진상품으로 만들게 되었다는 설이 있지만, 다른 주장으로는, 1707년(숙종33) 동래산성의 중성(中城) 축성 때, 부역군들이 새참으로 먹었다는 설이 전해져 오고 있다. 일반서민들이 쉽게 먹기 힘들 정도의 풍성한 재료와 화려한 맛, 모양, 영양 등은 이 음식의 품격을 보여준다. 구전에 의하면, 옛날 동래 금정산 주위에는 파밭이 많았고, 이곳에서 재배되는 쪽파 맛이 달고 향이 향긋하여 천하일품으로 인정받았다 한다. 특히 벚꽃이 피기 전에 나는 파가 가장 맛이 있어서, 이때 생산된 식재료로 파전을 만들어 조정에 진상하였다고 전한다. 풋풋한 봄철의 동래 쪽파와 미나리에 부산포 앞바다에서 건져 올린 싱싱한 해물을 잘게 썰어 불에 살짝 구운 파전은 색감이 화려하고 영양소까지 고루 갖췄다. 맛과 영양도 좋았고, 음식자체가 귀하고 화려한 까닭에 서민의 입맛을 돋우었을 것이지만, 밀가루가 아닌 비싼 쌀가루로 만들어진 것도 향토음식이란 자리를 차지하는데 빠지지 않았을 것이다.동래파전이 더욱 세상에 알려지게 된 데는 시골장터와 관련이 있다. 조선시대 후기에 들자, 각 지방의 특산물이 장터를 통해서 상품화되어 출하되기 시작했다.

1799년, 합천 장날 정오의 풍경을 묘사한 이옥이란 조선후기 선비는 송아지를 몰고 나온 사람, 닭을 안고 나온 사람, 생선을 메고 나온 사람, 청어를 묶어서 축 늘어뜨린 채 나온 사람, 약초를 말려 나온 사람, 바다 미역을 갖고 나온 사람 등등 , 시끌벅적한 이 모습이 시골장터의 모습이라 했다. 천하의 물산이 다 모인 활기찬 장터의 모습이다.그러한 때, 동래 장터와 읍내의 기생관에 고급 요리로 등장하게 된 것이 파전이었다.1930년대 일제강점기를 거치면서 과거 동래부의 관기들은 간혹 기생이 되기도 했는데, 그 기생들이 운영한 요정의 술상에는 의례 이 넉넉한 파전이 올라와 그들의 이름만큼이나 동래파전의 명성도 알려지게 되었다. 그리고 음력 삼월삼짇날을 전후하여 동래장이 열릴 때면 이 파전을 장터의 요기감으로 등장시켰다. 파전은 당시 장꾼과 장에 나온 사람들에게 큰 인기를 끌면서 해방 전까지 인근 마을에서는 파전 먹는 재미로 동래장에 간다. 라고 할 정도로 최고의 먹거리였다고 전한다. 만드는 방법은 간단하다. 먼저 찹쌀, 멥쌀가루, 맛국물이 어우러진 찰지고 쫀득한 반죽을 만들고, 그것을 파와 어울러 깊은 맛을 내게 한다. 그리고 두꺼운 번철을 달구어 식재료를 순서대로 올린 후 뒤집는다.

이 전통을 지금까지 4대째 이어 내려오고 있는 곳이 있다. 동래할매파전집이다. 시인 이해주가 동래파전이라는 시에서 할매 파전집을 찾는다/ 동래 가랑파 언양 미나리 기장 해물/ 보기만 해도 군침이 도는 파전에/ 동동주 곁들여 봄을 마신다 고 한 그곳이다. 1930년부터 전통을 이어온 이곳은 처음에는 상호도 없이 시작하다가 70년대 들어서는 향토음식의 맥을 잇겠다고 이름을 바꾸기까지 제일식당이라는 상호를 내걸었다.그 즈음, 당대의 문인 우하(雨荷) 박문하, 향파(向破) 이주홍, 요산(樂山) 김정한의 걸쭉한 입담 호탕한 웃음소리 농익은 해학이 돌담에 스며들면 초가집 마루에서 곱다니 할매(제일식당 주인 추강(秋江)여사)가 전을 굽는다고 찌지지 소리를 내며 연기를 품었을 것이다.

전통문화보존명인장인 현재의 4대주는 파전 만드는 방법만큼은 시어머니가 지켜온 그 비법 그대로 고수하고 있단다. 옛날 시골장터에나 있을 법한 솥뚜껑 모양의 두꺼운 번철에 유채기름을 넉넉히 두르고 파릇파릇한 쪽파에 미나리, 해산물, 쇠고기 등을 올린다. 여기에 찹쌀가루와 멥쌀가루, 밀가루를 섞어 만든 맛국물을 얹어 지지고 솥뚜껑을 덮어 익히면 오히려 찜에 가깝다. 먹는 방법도 초고추장에 찍어 먹어야 제 맛이란다. 동래파전의 맛은 봄날의 맛이다. 손님들이 봄에 찾는 이유가 다 있다. 봄은 만물이 소생하는 계절로 파전에 들어가는 쪽파를 비롯해 함께 들어가는 재료 역시 봄철에 가장 맛이 살아 있기 때문이다.
",35.204614,129.083845,food,http://busandabom.net/cmm/fms/getImage.do?atchFileId=FILE_000000000001007&fileSn=0,
"세계최대의 실내음악분수, 아쿠아틱쇼",부산광역시 중구 중앙동6가 중앙대로 2,"세계 최대의 아쿠아틱쇼가 부산에 있다. 롯데백화점 광복점 지하1층에 위치한다.주말 오후에 들리면 방문객 때문에 발 디딜 틈이 없다. 이미 선점한 구경꾼들이 어깨를 부딪치며 분수가 쏟아지기를 기다리고 있다. 자리에 죽치고 앉아 목을 빼고 기다리지만 자리를 빼길까봐 뜰 수도 없다. 아쿠아틱쇼(Aquatique Show)는 매일 21회 진행된다. 10~15분 정도 진행되고 진행 전에는 시작을 알려준다. 이곳의 아쿠아틱쇼는 전체 높이 21m, 수조 폭 16m에 이르는 거대한 실내 분수다. 1천개의 노즐에서 뿜어내는 물 분수와 비디오 프로젝트가 쏘아내는 영상, 박진감 넘치는 음향 장비 등이 어우러져 거대하고 환상적인 쇼를 연출한다. 백화점측은 이곳의 아쿠아틱 쇼가 세계에서 가장 큰 실내 음악 분수로 확인되어 기네스협회로부터 세계기록 인증을 받았다고 한다. 이곳의 압권은 지하1층 로비바닥에서 천장까지 18m 높이의 물기둥과 프로젝션의 연출을 통해서 기존 음악분수와는 차원이 다른 형형색색의 멋진 쇼를 보여주는 점이다. 여러 가지 그래픽과 물방울, 조명, 레이져와 음악이 어우러져 지금까지 보지 못한 아쿠아틱쇼를 연출함으로써, 보는 위치에 따라 달리 보인다는 점이다. 어떤 이는 조용히 앉아 정면에서 보지만 어떤 이는 더 자세히 보기 위해 3층, 4층 계속 위로 올라간다. 구경꾼들이 자리를 뜨지 못하는 이유 중에 하나가 쏟아지는 분수의 표면에 새겨진 글자를 보기 위해서다. 시선을 집중하지 않으면 형형색색의 색깔과 글자가 뒤엉키면서 알아보기 힘들다. 시간이나 배경음악에 따라 다르지만 Happy New Year 같은 내용을 담는다.

 그래서 부산의 명물이 되었다. 부산항대교가 개통되자, 사람들은 이 아쿠아틱쇼를 보기 위해 원도심을 찾는다. 그뿐 아니다. 수준 높은 문화공연을 선보이는 문화홀, 천혜의 전망을 관람할 수 있는 옥상공원과 전망대, 아이들이 좋아 하는 미니 동물원 등과 가족 단위 고객을 위한 특화건물인 아쿠아몰(Aqua Mall)까지 갖추고 있다.자연히 주변에 원도심지의 역사탐방코스까지 살아나고, 국제시장, 부평깡통시장 등 전통시장까지 살아나고 있다. 먹거리가 풍부하기 때문이기도 하다. 동부산 지역의 20~30대 젊은 고객층이 오히려 더 찾고 있다. 이에 따라, 백화점측에서는 가족과 함께 즐길 수 있는 이벤트와 문화공연을 더욱 늘리고 있다. 그 중 하나가 이색 승마체험 행사다. 주말 어린이들을 대상으로 하여, 조랑말을 타고 산책하는 체험행사로, 옥상공원에 설치되어 있다. 아쿠아몰 10층 문화홀에서는 70년대 추억을 떠올리며 친근한 추억의 노래와 재치 있는 입담을 즐길 수 있는 쎄시봉 포크 콘서트와 감미로운 발라드로 고객을 사로잡을 바비킴 미니 콘서트도 개최한 바 있다.

 또한 부산 근대화의 상징이자 한국전쟁의 애환을 간직한 영도다리 이야기를 담은 그림자 연극 영도다리도 공연하여 원도심의 숨은 매력을 홍보하였다. 원도심 활성화를 위해 각 지역과 고객을 아우르는 다양한 프로모션과 이벤트를 집중시켜 고객층 흡수에 전력을 다하는 백화점 측의 전략과 흥미꺼리가 있으면 꼭 가서 보는 고객의 욕구가 맞아떨어진 게다. 직접 보는 것도 재미있지만 때론 동영상을 돌려보는 것도 재미난 경우가 있다.
",35.098424,129.036785,infra,http://busandabom.net/cmm/fms/getImage.do?atchFileId=FILE_000000000001164&fileSn=0,
"세계 허브공항으로 거듭나다, 김해국제공항",부산광역시 강서구 대저2동 공항진입로 108,"김해국제공항(金海國際空港, Gimhae International Airport)은 부산광역시 강서구 대저2동 2350번지(651만 8,572㎡)에 위치하고 있다. 우리나라의 항공여객 및 화물을 수송하는 기능을 담당하고 있으며, 국내선과 국제선 항공기가 취항하고 있다. 이용객 수 기준으로인천,제주,김포에 이은대한민국4위의 공항으로,2014년에 이용객 수가 1천만명을 돌파했다. 특히, 국제선 이용객 수는 그 중 46.5%인 483만749명으로인천국제공항다음으로 많다.아시아나항공의 자회사인 에어부산이 김해국제공항을 동남권의 허브공항으로 이용하고 있다.



부산에 비행장이 처음 생긴 것은 일제강점기에 일본 육군이 대륙 침략을 위한 군사시설로 건립하였다. 일본 육군은 수영강과 온천천에 의해 형성된 충적 평야에 1940년 인근 주민들을 강제 동원하여 일본 육군비행장을 건설하였고, 태평양전쟁 당시에는 일본군의 후방 병참 기지 군용 비행장으로 사용하였다. 해방 후에는 수영비행장(水營飛行場)으로 명칭을 변경하였고, 1946년부터 미군정청에 의해 서울~대구~부산간 노선을 주 2회(민간인 수송을 위하여 C-47 항공기 8대 투입) 운항하였다. 1948년 10월 30일부터는 대한국민항공사[KNA]에서 부산~서울 간 노선이 취항하여 최초의 민간항공 운송이 시작되었다. 625 전쟁 때인 1950년 8월부터 1954년 4월까지는 임시 국제공항으로 지정되었고, 유엔군의 전투 병력 및 군사 물자 수송을 위한 군용 비행장으로도 이용되었다.



1953년 12월부터는 수영비행장을 기점으로 광주군산대구제주간 노선을 부정기로 운항하였으며, 1958년 1월에 시설을 개보수하고 부산비행장으로 명칭을 변경하였다. 1963년 9월 30일에 김포국제공항에 이어 부산국제공항으로 승격되며, 부산~후쿠오카[福岡]간 정기 항공 노선이 투입되었다. 1970년대 경제 성장으로 국내외 관광객 및 화물 수송이 증가하면서 비행장의 시설 부족 문제가 제기되기 시작하였다. 당시 비행장은 1.09㎢의 부지에 활주로는 길이 2,012m에 폭 45m여서 대형 여객기의 취항이 가능했으나, 계기 착륙 장치[ILS] 시설이 없어 악천후 때에는 항공기 이착륙이 불가능하였다. 또한 여객 및 화물량이 당시 1일 수용 능력을 상회하여 공항 확장 계획을 검토하였으나 확장은 불가능하였다.



이에 공군 비행장이 위치한 김해로 이전키로 확정하였다. 1974년부터 기초조사 및 항공 시설공사를 시작하여, 1976년 8월 1일에 김해국제공항이 개항되면서 수영비행장의 민간 항공 취항은 정지되었으나 군사비행장으로는 이용되었다. 이에 1996년까지 20년간 군사 비행장으로 이용되었고, 활주로 외곽의 빈 부지는 컨테이너야적장으로 이용되었다. 1994년에 비행장 부지 등을 포함한 인근지역이 군사보호구역에서 해제되고, 1996년 2월 16일에 군용 항공기지에서 제외되어 수영비행장은 기능이 완전히 정지되었다.



김해국제공항은 한국공항공사 부산지역본부에서 운영하고 있다. 1976년 개항된 이후 1978년 12월에는 국제선 화물청사가 준공되었다. 1992년 12월에는 국내선 여객청사와 국내선 화물청사가 증축되었으며, 1999년 12월에는 320060m의 신활주로가 준공되어 연간처리능력은 14만회에서 20만회로 증가하였다.



김해국제공항의 시설 규모로는 여객터미널은 연간 1,733만명(국내선 1,269만명, 국제선 464만명)의 여객을 처리할 수 있다. 길이 3,200m너비 60m의 활주로 1본과 길이 2,743m너비 46m 활주로 1본이 서로 평행하게 설치되어 있으며, 활주로의 연간 항공기 처리능력은 11만 8천회(민간항공 기준)이다. 38만 2,594㎡ 면적의 계류장에는 에어버스 A300-600R급 항공기 26대가 동시에 주기할 수 있다. 항행안전시설로는 계기착륙시설(ILS), 무선표지(TVOR/DME), 항공등화, RVR(시정자동측정장치) 등이 있으며, 공항등급은 CAT-I(착륙가능 활주로 가시범위 550m 이상)이다.



주요 항로 개설을 보면, 1948년에 부산서울선이 개설되었고, 1965년에는 부산후쿠오카 간의 국제선도 개설되었다. 1968년에는 부산제주오사카 노선이 개설되었다. 뒤이어 부산광주선(1969), 부산강릉선(1973) 등이 개설되었으나 곧 폐지되었으며, 1975년에는 부산도쿄선이 개설되었다. 2009년 현재 부산에서 운항중인 국내선은 부산김포, 부산제주, 부산양양 구간이며, 국제선은 도쿄베이징홍콩 등을 연결하는 26개 노선이 운항중이다. 국토교통부는 김해국제공항을 남부권을 대표하는 신공항으로 확장 건설하는 새로운 활주로와 터미널이 건설되는 만큼 신공항 건설을 발표하였다. 앞으로 남부권 허부공항으로 거듭나게 될 것으로 보인다.
",35.173194,128.946481,infra,http://busandabom.net/cmm/fms/getImage.do?atchFileId=FILE_000000000001165&fileSn=0,
부산의 땅속을 달리는 부산 도시철도,,"부산의 도시철도(都市鐵道) 서막은 당시 부산의 가장 큰 현안이었던 교통문제를 해소하기 위한 것이었다. 출퇴근 시간만 되면 주차장을 방불케 하는 중앙로의 교통체중을 해결할 수 있는 도시철도 건설만이 근본적으로 해결할 수 있는 필요성이 대두되었다. 부산은 해방 이후 귀환동포와 625전쟁으로 피난민 유입과 1960년대부터 시작된 산업화와 도시화로 급속하게 인구가 증가하면서 새로운 교통수단이 필요하게 되었다. 우리나라의 도시철도 건설은 1974년 서울에 이어 1979년 부산에서도 도시철도 건설이 시작되었다.



부산의 도시철도는 교통난 해소를 위한 방안으로 먼저 교통량이 가장 많은 남북축의 중앙 대로를 따라 도시철도 1호선이 건설되고, 동서 방향의 도시권 확장에 맞추어 동서축의 도시철도 2호선이 건설되었다. 또한 도시철도 12호선의 개통 이후 주변과 기존 노선을 연결하는 도시철도 34호선이 개통되며 부산 전역으로 도시철도 노선이 연결되었다. 도시철도는 부산의 주 간선 도로와 함께 부산 교통의 대동맥으로써의 역할을 수행하고 있다.



1호선(32.5Km)은 1979년 10월 기본계획이 수립되었고, 1981년 5월 기본 및 실시설계가 완료되었다. 1단계 노포범내골 구간이 1981년 6월 23일 착공하여 1985년 7월 19일에 개통되면서 부산도시 철도의 역사를 시작되었다. 2단계 범내골중앙동 구간이 1983년 7월 28일 착공하여 1987년 5월 15일에 개통되었다. 3단계 중앙동서대신동 구간이 1984년 8월 14일 착공하여 1구간인 중앙동토성동 구간이 1988년 5월 19일 개통되고, 2구간인 토성동서대신동 구간이 1990년 2월 28일 개통되었다. 4단계 서대신동신평동 구간이 1990년 7월 24일 착공하여 1994년 6월 23일 개통으로 전 구간이 완전 개통되었다. 1호선 다대선 연장공사가 2009년 11월 20일 착공하여 2017년 개통을 앞두고 있다.



2호선(46Km)은 1991년 5월에 기본계획을 확정하였다. 1단계 서면~호포 구간이 1991년 11월 28일 착공하여 1999년 6월 30일 개통되었다. 2단계 서면장산 구간이 1994년 10월 27일 착공하여 1구간인 서면광안동 구간은 2001년 8월 8일, 금련산광안동 구간은 2002년 1월 16일 개통되었고, 2구간인 광안동장산 구간은 2002년 8월 29일 개통되었다. 3단계 호포양산(중부) 구간은 2001년 11월 21일 착공하여 2008년 1월 10일 개통으로 전 구간이 완전 개통되었다.



3호선(18.3Km)인 수영대저 구간은 1996년 2월에 건설 기본계획이 확정되었고, 1997년 11월 사업계획이 승인되었다. 1997년 11월 25일 착공하여 2005년 11월 28일 개통되었다. 도시철도 4호선(11.2Km)인 미남안평 구간은 1996년 2월 건설 기본계획이 승인되었고, 1999년 4월 기본설계 용역이 완료되었다. 2001년 10월부터 2008년 12월까지 토목분야 및 설비분야 실시설계가 완료되었고, 2003년 12월 3일 착공하여 2011년 3월 30일 개통되었다.



부산김해간 경전철은 1992년 8월 12일 경전철사업 정부시범사업으로 선정(민자유치대상사업) 되었고, 2000년 1월 7일 민간투자시설사업 기본계획이 확정되었다. 2002년 12월 3일 실시협약체결 및 사업시행자를 선정되었고, 2006년 1월 19일 실시설계 계획이 승인되었다. 2006년 4월 1일 착공하여 2011년 9월 17일 개통되었다.



사상하단선(6.9㎞)은 2013년 1월 기본계획을 확정하였고, 6월에는 135공구를 설계시공 일괄 입찰 방식(턴키Turn Key)으로, 24공구를 기타 방식으로 건설하기로 결정되었다. 2016년 6월 15일 착공하여 2021년 준공을 목포로 공사 중에 있다. 양산선(12.5㎞)인 노포동양산 북정 구간이 2015년 3월 기본계획이 확정되었고, 2016년 12월 현재 기본 및 실시설계가 진행 중에 있다. 도시철도 건설은 부산 전역과 김해, 양산 등으로 연결되는 광역교통망 체계를 구축하는데 있다.



부산 도시철도 환승역은 8군데로, 서면역(1호선, 2호선), 덕천역(2호선, 3호선), 연산역(1호선, 3호선), 수영역(2호선, 3호선), 동래역(1호선, 4호선), 미남역(3호선, 4호선), 사상역(2호선, 경전철), 대저역(3호선, 경전철)이 환승 가능하다. 특히 부산의 도시철도는 배산임수의 지형으로 인하여 지하철 역사가 일반적인 역보다 깊은 곳이 많은 것이 특징이다.



부산 도시철도 3호선 만덕역(萬德驛)은 우리나라에서 가장 깊은 곳에 자리 잡은 대한민국 기네스 기록을 보유하고 있는 도시철도 역이다. 만덕역은 부산광역시 북구 만덕동202-5번지 만덕대로에 있다. 만덕역의 승강장은 지표면에서 68.41m인 지하 9층에 위치해 있는 도시철도역으로 부산뿐만 아니라 대한민국 도시철도역 중 가장 깊은 곳에 있는 지하철역이다.



만덕역은 모두 4개의 출구를 가지고 있다. 역사는 지하에 9층으로 이루어져 있다. 지하 1층은 대합실이고, 지하 9층이 승강장이 있다. 지하 1층과 지하 9층의 승강장 사이에는 4단계의 에스컬레이터로 이어져 16대가 설치되어 있다. 그리고 지하 1층에서 지하 9층 승강장으로 내려가는 승강기가 총 5대가 있다. 승객들을 대합실까지 원활한 이동을 위해서는 최소한 5대 정도는 필요하다. 역내 시설은 역무실, 매표소, 만남의 장소, 고객 서비스 센터, 화장실, 승차권 발매기 등이 설치되어 있어 이용자들의 편의를 도모하고 있다.



만덕역이 있는 도시철도 3호선이 지나가는 만덕대로는 동래구에서 북구로 연결되었으며, 또한 남해고속도로로 연결되는 유일한 통로로 부산의 최대 상습 정체구간 중 하나인 만덕고개에 위치하고 있다. 이 지역의 상습 정체를 해소하고자 도시철도 3호선이 건설되었다. 만덕역을 만덕고개의 중턱에 고지대에 위치하다 보니 철도는 급경사를 따라가지 못하므로, 결국 깊은 곳에 역사가 설치될 수밖에 없다. 그래서 만덕역은 대한민국 도시철도 역 중 가장 깊은 곳에 있으며, 다음역인 미남역과의 사이에 제2 만덕터널이 있어서 역간 거리 또한 3.3㎞나 된다.



도시철도는 지하에 있으므로 깊이에 대한 논란이 있기 마련이다. 해발고도 기준으로 한강물보다 아래에 있는 서울의 도시철도 5호선 여의나루역이 해발 22.55m에 위치하여 가장 깊다. 하지만 언덕 아래에 있는 역이라면 해발고도 기준으로 더 높더라도 지표면 기준으로는 더 깊은 역일 수 있다. 지표면에서 깊은 역으로 서울 도시철도 8호선 산성역도 55.4m로 유명하지만, 부산 도시철도 3호선이 건설되면서 만덕역에 그 자리를 내어주었다. 이러한 역들은 역 위에 언덕이 있는 것이 보통이다.



만덕역은 다른 역과 달리 승객이 에스컬레이터로 승강장까지 이동하지 않고 승강기를 이용한다. 왜냐하면 지하 9층에서 지하 1층까지 올라오려면 많은 시간이 소요되기 때문이다. 만덕역 대합실과 승강장 사이에는 승강기 5대와 에스컬레이터 총 16대가 설치되어 있다. 에스컬레이터는 끝이 보이지 않을 정도로 길며, 총 4번에 걸쳐 지하 9층까지 이어져 있다. 승강기를 타고 내리면 바로 지하 1층 개찰구가 나온다. 승강기는 지하 1층에서 지하 9층까지 층마다 승강대가 존재하긴 하지만 보수공사 또는 대피용으로 건설되었지, 실제로 이용하지는 않아 승강기 내부의 스위치에는 지하 1층과 지하 9층 버턴만 존재한다.



만덕동(萬德洞)에는 만덕역의 유명세처럼 동명의 지명의 유래가 되었던, 고려시대의 대가람인 부산광역시 기념물 제3호인 만덕사지(萬德寺址)가 제1 만덕터널 입구 좌측 산 쪽에 위치해 있다. 만덕사지는 고려 전기에 창건하여 고려 후기까지 있던 절터로 추정되는 곳이다. 『고려사(高麗史, 1449)』 권38 공민왕 즉위년 12월조에 따르면, 12월 신묘에 영릉의 서자 석기의 머리를 깎아 만덕사에 두었다라는 기록이 있어 고려 말까지 절이 있었음을 알 수 있다.
",35.286291,129.016479,infra,http://busandabom.net/cmm/fms/getImage.do?atchFileId=FILE_000000000001174&fileSn=0,
부산산업용품유통단지,부산광역시 사상구 괘감로 37 부산산업용품유통상가,"부산산업용품유통단지가 영남을 대표하는 산업용품유통 전문단지로 자리매김하고 있다.산업생산에 필요한 각종 산업용품과 기계, 전기, 공구, 철물 등을 취급하는 이곳은 사상구 괘법동 578의 부지 6만5천302㎡에 연면적 18만3천862㎡, 28개동 규모로 2천600여개 점포가 입점해 있다. 이 단지를 중심으로 괘법동, 감전동에 걸쳐 전문상가의 영업점과 유통물류 클러스터가 형성되어 있다. 이 때문에 주변에 밀집한 상점을 포함해 성업 중인 부산산업용품유통단지 2천600개 점포를 보고 사람들은 영남권 최대 규모의 산업용품 유통 메카로 부른다.

 여기에는 그만한 이유가 있다. 최근 들어 부산과 경남지역에 산업공단이 잇따라 들어서는 데다 사상공업지역 재정비사업이 본격화되면서 유통단지도 재도약의 기회를 맞이하고 있다. 특히, 사상~김해 간 경전철이 개통 되었고, 사상모라에 첨단산업단지인 하이테크시티가 조성될 예정이며, 사상~하단 간에는 도시철도가 건설되며,사상역 복합환승센터도 개발 중에 있다. 뿐만 아니다, 부전~마산 간 복선전철 건설 등 지역인근에 부는 대형 프로젝트 사업은 유통단지의 가치를 향상시키고 상권의 활성화에 기여하여 유통산업의 경쟁력 강화에도 큰 도움이 될 것으로 보고 있다. 사상 일대는 부산과 경남은 물론 영남 내륙지역까지 고속도로와 철도, 지하철이 일찍부터 구축된 데다산업단지의 증가로 서부산권과 마산, 김해는 물론 창원과 함안 창녕 진주 등 서부 경남지역과 경북 남부지역 고객이 날로 늘고 있단다. 낙동강 하류의 지역적 유리함이 여타지역보다 우위에 있는 것이 강점이다. 하지만 값싼 외국산 범람하는 시기에 풀어야 할 과제도 많다. 값싼 외국산의 범람를 막기 위해 전자상거래를 이뤄야 할 것이고, 산업용품상가조감도를 대중화하는 홍보에도 관심을 기울려야 할 것이다. 이를 위해 단지 내 노후시설 환경개선과 같은 시설현대화사업을 적극 추진하는 것은 물론, 상가 아케이드 설치, 태양광 발전설비 설치, 중수도 설비 설치 등도 추진해야 할 과제다.

 산업용품의 특성상, 다양한 제품의 원스톱 구매, 초대형 주차장 완비도 필수적일 것이다.(사상구청 홈페이지 참조) 동남권 공단이 최종적으로 들어서는 시점에는 사상공단이 첨단산업단지로 그 선두에 서게 될 것임은 분명하다. 영남권 최대 규모의 산업용품 유통 메카이기 때문이다.
",35.1594737,128.9794625,infra,http://busandabom.net/cmm/fms/getImage.do?atchFileId=FILE_000000000001177&fileSn=0,
"부산과학 변천사를 한눈에, 국립부산과학관",부산광역시 기장군 기장읍 동부산관광6로 59,"국립 부산과학관(國立 釜山科學館)은 부산광역시 기장군 기장읍 동부산관광6로 59(기장읍 석산리 183-1번지)에 위치하고 있다. 부산광역시는 시민과 함께 2005년부터 과학기술 자료를 수집, 조사, 연구하여 이를 보존하고 각종 과학기술 교육 프로그램을 개설하여 과학기술 지식을 보급하는 국립과학관 건립을 위한 활동을 전개하여 2010년 국립 부산과학관 유치를 성사시켜 2013년 5월 착공 2015년 6월 준공하여 12월 11일 개관하였다.



국립 부산과학관은 전시체험 등을 통해 청소년의 과학에 대한 탐구심을 함양하고 국민의 과학기술에 대한 이해증진에 기여하기 위해, 2005년 3월 과학문화도시-부산 선포식에서 부산시장이 국립과학관의 건립을 과학기술부 부총리에게 건의하였다. 2006년 12월부터 2007년 8월까지 2차 과학관 육성 기본정책 방향연구 용역(과학기술부)을 추진한 결과에 따라 인구 500만명당 국립과학관 건립의 필요성이 인정되었다.



2010년 9월 국립 부산과학관 건립 기본계획이 수립(2010년 10월 14일 관보 고시)되었고, 2011년 6월 기획재정부와 부산광역시간 운영비 분담 협약이 체결되었다. 2011년 12월 교육과학기술부와 부산광역시간 국립과학관 건립사업 업무협약이 체결되었고, 2012년 1월부터 기본 및 실시 설계(전시 기본설계 포함)를 진행하였다. 2012년 5월 공사 적격자를 선정했고, 7월 27일 설명회를 개최하여 2013년 5월 착공 했다. 2015년 6월에 준공하여 그해 12월에 개관하였다.



국립 부산과학관은 부산광역시 기장군 기장읍 동부산관광단지 내에 부지면적 11만3,107㎡에 건축 연면적 2만3700㎡의 지상 3층, 지하 1층 규모이다. 총사업비는 1,217억원(국비 856억원, 시비 365억원)이 투입되었다. 주요 시설로는 자동차항공우주관, 선박관, 에너지방사선의학관, 어린이관, 기획전시실, 천체 투영관, 캠프관 등이 있으며, 전시품은 28개의 주제로 총 180점이 있다.



국립 부산과학관 전체 전시물 중 80% 이상은 기초과학 원리와 첨단기술을 직접 느낄 수 있는 체험형 과학관으로 운영된다. 또한 국립 부산과학관은 충청권에 위치한 국립 중앙과학관과 수도권의 국립 과천과학관과 국립 서울과학관, 대구경북권의 국립 대구과학관, 호남권의 국립 광주과학관과 함께 전국 5대 권역별 거점 과학관의 역할을 수행하고 있다.



동남권 과학 문화를 선도하는 최고 수준의 과학관을 목표로 하는 국립 부산과학관은 고객 중심의 전시환경 조성, 즐기며 배우는 선진형 교육 및 행사운영, 경영 시스템 효율화 및 안정적 운영 기반구축, 전시역량 강화 및 융합 프로그램 확대를 꾀하고 있다. 2016년 현재 조직은 2본부 6실로 구성되어 있다. 전시연구본부에 전시기획실, 홍보마케팅실, 전시운영실, 교육연구실이 있고, 경영지원본부 아래 경영기획실과 운영지원실이 있다.



2015년 12월 개관과 함께 제1회 국립 부산과학관장배 RC카대회를 개최했으며, 맞춤형 과학교육 프로그램을 개발하여 운영하고 있다. 국립 부산과학관은 최고의 체험 전시물을 갖춘 명품과학관, 학생들의 눈높이에 맞는 맞춤형 과학교육의 장, 놀이와 체험으로 과학을 배우고 익히는 과학테마파크로 지역의 역량과 자원을 한데 모아서 주민 참여형 지역거점 과학관을 거듭나고 있다.
",35.204499,129.212726,infra,http://busandabom.net/cmm/fms/getImage.do?atchFileId=FILE_000000000001178&fileSn=0,
"다목적 국제회의장, 벡스코",부산광역시 해운대구 우동 APEC로 55,"1998년 10월, 벡스코가 부산국제종합전시장 공사를 착공하여, 2001년 5월 부산전시컨벤션센터라는 이름으로 준공하였다.벡스코는 이 부산전시컨벤션센터(Busan EXhibition  COnvention center)의 약자다. 2001년 12월에 2002년 FIFA 월드컵 본선 조추첨, 2005년 11월에 APEC 정상회의 등의 국제적인 행사를 치러냈고, 2012년 6월 1일 제2전시장과 오디토리움을 포함한 신관을 개관했다. 부산광역시 해운대구 센텀시티 APEC로 55에 위치한다. 지난 2001년 5월 해운대라는 대한민국 최고의 관광명소에 개관한 벡스코는 세계의 전시컨벤션 중심 도시로서, 해마다 행사개최 기록을 갱신해가며 매머드급 국제전시회와국제회의는 물론 중소 규모 회의와 기업행사 등의 이벤트에 이르기까지 다양한 규모와 성격의 전시컨벤션 행사를 개최하고 있다. 이를 기반으로 2014년에는 아시아 최고의 전시컨벤션 허브로 자리매김했다.

 이곳 전시장은 제1전시장, 제2전시장, 컨벤션홀, 오디토리움, 요트컨벤션, 누리마루로 나뉜다. 단층 무주전시장으로서, 제1전시장은 3개의 홀로 분할 가능한 총26,508㎡이며, 제2전시장 19,872㎡과 합치면 총 실내전시면적이 46,380㎡ 규모가 되어 20,000㎡ 이상의 대형국제행사를 동시에 2건 이상 개최할 수 있다. 요트컨벤션(프리이빗)은 프레젠테이션, 비즈니스 회의, 컨벤션 실사투어, 바이어미팅, 스페셜 파티, 프로포즈 등 소형컨벤션을 위한 맞춤식 임대 프로그램이다. 또한 벡스코가 처음으로 요트와 컨벤션의 만남을 시도한 요트비(Yacht B)라는 프로그램도 있다. 광안대교, 오륙도, 해운대, 이기대, 누리마루, 동백섬, 마린시티 등 천혜의 아름다운 자연과 넓고 푸른 바다위에서 펼쳐지는 색다른 행사로, 부산 바다를 공간으로 이용한 게 특징이다.

 컨벤션투어에 사용되는 요트는 부산소재 요트제작사인 ㈜광동FRP산업에서 만든 순수 국내기술 요트로, 공모를 통해 부산(Busan), 벡스코(BEXCO), 부산하면 떠오르는 푸른 바다(Blue sea)의 첫 글자인 B를 따서 Yacht B로 이름 지었단다. 두 대의 배를 붙인 모양의 카타마란(Catamaran) 형식은 항해시 안정성과 편안함을 더함과 동시에 탁 트인 바다 위를 바람을 타고 세일링하며 자연과 하나 되는 느낌을 만끽할 수 있다. 한국의 멋을 보인 누리마루도 벡스코에 속한다. 정식명칭은 누리마루APEC하우스다. 세상, 세계를 뜻하는 순수 우리말인 누리와 정상, 꼭대기를 뜻하는 마루에 APEC이 합쳐져 생긴 말이다. 건축의 방향은 이곳 동백섬을 닮은 또 하나의 은빛 섬에서 세계의 정상들이 APEC의 이념인 개방과 협력의 정신을 적극 구현할 수 있도록 한다에 두었단다.

 건물 위치는 동백섬 내에 위치해 있으며, 20㎡가량 부지에 지상 3층이며, 1년의 공사기간을 거쳐 2005년 9월에 완성했다. 건물 전체 조형은 한국전통 건축인 정자를 현대적으로 표현하였고, 지붕의 형태는 동백섬의 능선을 형상화 했다. 외부의 사선 기둥 12개로 다이나믹 부산(Dynamic Busan)의 역동성을 표현하였고, 내부의 장식은 한국의 창조적 전통문화를 시각적으로 표현하였다. 이곳에서 개최되는 연간 수십수백 차례 회의에는 고객감동을 우선하는 WORLD-CLASS 전시컨벤션센터이라는 벡스코만의 비젼과 전략이 있기 때문에 가능하며,행사 주최자와 참가업체에게는 벡스코의 전문성을 최대한 활용하여 성과를 통한 성공을 제공하고, 참관객 및 지역사회에는 행사컨텐츠의 내실화와 마이스(MICE) 산업의 가치창출을 통해 고객감동을 실현하기 때문이다.

 지금은 이렇게 명실상부한 전시컨벤션 허브로 성장하였지만, 1940년 지금의 벡스코 터는 일제가 육군 비행장으로 개설한 수영비행장이 있던 곳이다. 1976년 8월 현 부산 강서구 대저동인 김해군 대저읍으로 이전하기까지, 부산국제공항 부지로 사용되던 이 일대가 비행장이 폐쇄된 1987년에 첨단 산업단지인 센텀시티로 개발되었던 것이다. 그리고 다시 20여 년 만에 벡스코라는 전시컨벤션센터가 건립되어 이곳을 개방과 변화의 물결로 이끌고 있다.
",35.169003,129.13603,infra,http://busandabom.net/cmm/fms/getImage.do?atchFileId=FILE_000000000001180&fileSn=0,
ICT 산업을 선도하는 부산문화콘텐츠콤플렉스,부산광역시 해운대구 우동 수영강변대로 140,"대한민국의 새로운 문화콘텐츠를 만들어 나가겠다는 목표로 2012년 4월 부산시 해운대구 우동에 부산문화콘텐츠콤플렉스가 개관됐다. 독자적 기업역량이 부족한 국내 중소스마트콘텐츠 관련기업의 성장을 돕기 위해 분야별로 전문가의 수시 상담이나 컨설팅 자문을 하는 것이 사업목적이다. 부산지역의 소프트웨어, 정보통신 및 문화산업을 지원 육성하여 관련 산업을 확충하고, 지역 산업의 경쟁력을 강화하기 위해 부산정보산업진흥원이 설립하였다.여기에 창업자 지원을 위한 콘텐츠코리아 랩이 개소식을 가졌다. 콘텐츠코리아 랩은 창조경제 활성화의 주요 국정 과제인 지역기반형 콘텐츠코리아 랩사업의 일환으로, 콘텐츠 창작자를 위한 공간과 프로그램, 인적교류를 체계적으로 지원하는 사업이다. 콘텐츠 창작자를 위한 공간과 프로그램, 인적교류를 체계적으로 지원하여 참신한 아이디어와 창업관련 기획이 있는 사람에게 다양한 분야의 전문가와의 융합과 협업을 위한 교류를 지원하고, 창업 성공을 위한 전문가 지도와 실험공간을 제공한다. 또 예비 창업자에게 다양한 콘텐츠 교육 프로그램과 워크숍 등을 진행해 실제적인 창업으로 연결될 수 있는 서비스를 제공하고 멘토링 등을 비롯한 맞춤형 서비스로 특화된 창업을 지원한다.

 특히 부산의 5대 전략 산업인 창조문화산업과 인프라에 대한 공유가 가능하다. 부산시는 부가가치가 높은 인력중심의 창조산업인 콘텐츠산업육성을 통해 창조문화산업도시 부산을 조성해 2018년까지 일자리 1000개와 콘텐츠 분야 매출 2조원을 달성할 계획이다. 이미 콘텐츠코리아 랩을 유치한 부산시는 2018년까지 국비 70억원을 포함해 총140억 원을 투자할 예정이어서, 부산콘텐츠코리아 랩이 콘텐츠 관련 창작자들에게 직접적인 지원을 제공해 지역의 일자리 창출과 창업 활성화를 도모하고 문화융성 실현의 장으로써 창조문화산업의 허브가 될 것으로 기대한다.문화의 영역에서는 창의력이나 상상력과 함께 산업화도 중요하다. 미국 등 선진국에서는 문화경영이란 용어가 보편화된 지 이미 오래다. 문화콘텐츠산업의 부가가치는 창의적인 콘텐츠의 개발을 위한 아이디어의 발상과 이것을 문화향유자들이 충분히 이용할 수 있도록 제작하기 위해 적절한 매체 형태로 스토리를 개발하는 일에서 비롯된다.

 이곳에서는 스토리텔링 창작분야 역량강화 및 전문가 발굴, 네트워크 구축을 통한 창작 활성화 등을 위해 무한상상실을 두고 스토리텔링 창작스쿨을 운영하고 있다. 주요 교육내용은 소재 주제 발굴, 캐릭터 설계, 트리트먼트 만들기, 스토리관련 저작권 활용 및 사례연구, 스토리 완성을 위한 팀별 멘토링 지원, 블로그, 페이스북 등 SNS를 활용한 스토리 홍보, 마케팅 활용방법 등이며, 영상제작 스쿨, 웹툰제작 스쿨, 시나리오 창작스쿨, 스토리 마케팅 스쿨 등 4클럽이 운영되고 있다. 또한 디지털리터러시기업 ㈜스마트소셜을 초청하여, 취업이나 이직사업 등의 문제로 고민을 안고 있는 20~40대를 대상으로 용기백배- 당신의 꿈을 응원 합니다 행사를 실시함으로써, 청년층의 잠재력을 계발하는 세라형 엘리먼트 아카데미를 개최하여 기존 스펙중심 인재채용 문화를 타파하기 위해 노력 중이며, 역량중심이력서 를 운영하여 개인능력과 경험 등의 강점요소가 도출될 수 있도록 설계된 교육을 실시하고 있는 중이다.
",35.172673,129.125678,infra,http://busandabom.net/cmm/fms/getImage.do?atchFileId=FILE_000000000001181&fileSn=0,
